id,occurred_date 111,occurred_time 111,location_text 111,weather,light_condition,accident_type,dead_count 111,injured_count 111,vehicle_1_type,vehicle_1_detail,vehicle_2_type,longitude111,latitude111
1,2022-01-04,11:47:00,屏東縣內埔鄉老埤村壽比路746巷口,晴,日間自然光線,車與車,0,2,機車,普通重型,機車,120.59549,22.640545
2,2022-01-07,11:26:00,屏東縣內埔鄉壽比路189巷前0.0公尺口,晴,日間自然光線,車與車,0,1,小客車,自用,汽車,120.595282,22.631936
3,2022-01-10,18:11:00,屏東縣內埔鄉壽比路585號,晴,夜間(或隧道、地下道、涵洞)有照明,車與車,0,3,機車,普通重型,機車,120.59646,22.636608
4,2022-01-14,10:06:00,屏東縣內埔鄉壽比路737號前,晴,日間自然光線,車與車,0,1,小客車,自用,汽車,120.595443,22.640245
5,2022-01-14,12:46:00,屏東縣內埔鄉老埤村壽比路統嶺巷巷88號附近,晴,日間自然光線,車與車,0,1,機車,普通重型,機車,120.598358,22.635778
6,2022-02-06,13:06:00,屏東縣內埔鄉老埤村科大路1段口 / 屏東縣內埔鄉老埤村壽比路附近,晴,日間自然光線,車與車,0,1,小客車,自用,汽車,120.592935,22.630065
7,2022-02-16,14:46:00,屏東縣內埔鄉老埤村壽比路口 / 屏東縣內埔鄉老埤村科大路口,晴,日間自然光線,車與車,0,1,機車,普通重型,機車,120.592917,22.629977
8,2022-02-18,19:51:56,屏東縣內埔鄉壽比路732號,晴,夜間(或隧道、地下道、涵洞)有照明,車與車,0,1,機車,普通重型,機車,120.595616,22.639932
9,2022-02-22,12:08:00,屏東縣內埔鄉壽比路附近 / 屏東縣內埔鄉科大路1段,晴,日間自然光線,車與車,0,3,機車,普通重型,機車,120.592949,22.630076
10,2022-02-23,06:50:00,屏東縣內埔鄉老埤村壽比路與福泰路口,晴,日間自然光線,車與車,0,1,機車,普通重型,機車,120.594832,22.631599
11,2022-02-23,10:35:00,屏東縣內埔鄉科大北路口 / 屏東縣內埔鄉壽比路,晴,日間自然光線,車與車,0,1,小客車,自用,汽車,120.589126,22.633832
12,2022-02-26,12:48:00,屏東縣內埔鄉壽比路與壽比路165巷口,晴,日間自然光線,車與車,0,1,人,乘客,其他,120.596812,22.635888
13,2022-02-28,16:27:00,屏東縣內埔鄉老埤村壽比路口 / 屏東縣內埔鄉老埤村南山路附近,晴,日間自然光線,車與車,0,1,機車,普通重型,機車,120.59751,22.632419
14,2022-02-28,19:29:26,屏東縣內埔鄉壽比路616-3號,晴,夜間(或隧道、地下道、涵洞)有照明,車與車,0,1,機車,普通重型,其他,120.596368,22.637148
15,2022-03-03,18:16:41,屏東縣內埔鄉壽比路682之1號前,晴,夜間(或隧道、地下道、涵洞)無照明,人與汽(機)車,0,2,人,乘客,其他,120.596003,22.638415
16,2022-03-10,15:40:00,屏東縣內埔鄉壽比路445號前,晴,日間自然光線,車與車,0,1,小客車,自用,汽車,120.597451,22.634155
17,2022-03-10,18:17:00,屏東縣內埔鄉壽比路631號,晴,夜間(或隧道、地下道、涵洞)有照明,車與車,0,1,機車,普通重型,機車,120.596191,22.637263
18,2022-03-15,12:27:32,屏東縣內埔鄉壽比路585號前,晴,日間自然光線,車與車,0,2,機車,普通重型,機車,120.59628,22.636615
19,2022-03-24,19:52:16,屏東縣內埔鄉壽比路口 / 屏東縣內埔鄉壽比路口,晴,夜間(或隧道、地下道、涵洞)有照明,車與車,0,2,機車,普通重型,機車,120.596709,22.635809
20,2022-03-26,23:33:25,屏東縣內埔鄉壽比路359巷,晴,夜間(或隧道、地下道、涵洞)有照明,車與車,0,2,機車,普通重型,機車,120.595859,22.63424
21,2022-03-31,13:25:00,屏東縣內埔鄉老埤村壽比路口 / 屏東縣內埔鄉老埤村壽比路附近,晴,日間自然光線,車與車,0,1,機車,普通重型,機車,120.596713,22.635793
22,2022-03-31,15:51:00,屏東縣內埔鄉壽比路514號前,晴,日間自然光線,車與車,0,1,,,,120.59703,22.635356
23,2022-04-02,17:39:00,屏東縣內埔鄉壽比路165巷口,陰,日間自然光線,車與車,0,1,機車,普通重型,機車,120.594786,22.631614
24,2022-04-19,21:00:00,屏東縣內埔鄉壽比路116號前,晴,夜間(或隧道、地下道、涵洞)有照明,車與車,0,2,人,乘客,其他,120.594015,22.630798
25,2022-04-22,08:36:00,屏東縣內埔鄉老埤村壽比路與統嶺巷口,晴,日間自然光線,車與車,0,2,機車,普通重型,機車,120.597447,22.634247
26,2022-04-25,12:05:00,屏東縣內埔鄉壽比路628-6號,晴,日間自然光線,車與車,0,2,機車,普通重型,機車,120.596201,22.637594
27,2022-04-27,18:41:00,屏東縣內埔鄉老埤村壽比路126號前0.0公尺,陰,夜間(或隧道、地下道、涵洞)有照明,汽(機)車本身,0,1,機車,普通重型,機車,120.594349,22.631211
28,2022-04-28,15:20:00,屏東縣內埔鄉壽比路514號,晴,日間自然光線,車與車,0,2,機車,普通重型,機車,120.596855,22.634982
29,2022-04-30,10:03:00,屏東縣內埔鄉壽比路409號前,晴,日間自然光線,人與汽(機)車,0,2,機車,普通重型,機車,120.59794,22.633584
30,2022-05-05,19:03:00,屏東縣內埔鄉壽比路655號前0.0公尺,晴,夜間(或隧道、地下道、涵洞)有照明,車與車,0,2,小貨車(含客、貨兩用),自用,其他,120.595955,22.63816
31,2022-05-06,10:51:00,屏東縣內埔鄉老埤村壽比路585號前0.0公尺,晴,日間自然光線,車與車,0,3,人,乘客,其他,120.59647,22.636682
32,2022-05-10,13:03:00,屏東縣內埔鄉壽比路738號,晴,日間自然光線,車與車,0,1,人,乘客,其他,120.595456,22.640087
33,2022-05-24,13:31:00,屏東縣內埔鄉老埤村壽比路口 / 屏東縣內埔鄉老埤村通安路附近,晴,日間自然光線,車與車,0,2,機車,普通重型,其他,120.597973,22.633118
34,2022-05-25,09:03:00,屏東縣內埔鄉壽比路與學府路口,晴,日間自然光線,汽(機)車本身,0,1,,,,120.595409,22.640774
35,2022-06-02,19:57:00,屏東縣內埔鄉壽比路348號前,晴,夜間(或隧道、地下道、涵洞)有照明,車與車,0,1,機車,普通重型,機車,120.598202,22.633283
36,2022-06-03,07:35:00,屏東縣內埔鄉壽比路165巷,晴,日間自然光線,車與車,0,1,機車,普通重型,機車,120.592256,22.633136
37,2022-06-07,23:36:48,屏東縣內埔鄉壽比路與統嶺巷口,晴,夜間(或隧道、地下道、涵洞)有照明,車與車,0,2,機車,普通重型,機車,120.596727,22.635803
38,2022-06-25,11:31:52,屏東縣內埔鄉壽比路165巷90-1號,晴,日間自然光線,車與車,0,1,小客車,自用,汽車,120.594847,22.631651
39,2022-07-01,19:14:00,屏東縣內埔鄉壽比路628-6號前,雨,夜間(或隧道、地下道、涵洞)有照明,車與車,0,2,機車,普通重型,機車,120.596204,22.63752
40,2022-07-17,20:26:00,屏東縣內埔鄉壽比路627號前,晴,夜間(或隧道、地下道、涵洞)有照明,人與汽(機)車,0,3,人,乘客,其他,120.596266,22.637117
41,2022-07-22,13:03:00,屏東縣內埔鄉壽比路573-1號前,晴,日間自然光線,車與車,0,2,機車,普通重型,機車,120.596599,22.636062
42,2022-07-31,12:32:00,屏東縣內埔鄉老埤村壽比路1號附近,晴,日間自然光線,汽(機)車本身,0,1,人,乘客,其他,120.591796,22.629016
43,2022-08-30,01:00:44,屏東縣內埔鄉壽比路口 / 屏東縣內埔鄉科大路口,晴,夜間(或隧道、地下道、涵洞)有照明,車與車,0,2,人,乘客,其他,120.592903,22.629991
44,2022-09-05,17:49:00,屏東縣內埔鄉壽比路655號前0.0公尺,晴,日間自然光線,車與車,0,2,人,乘客,其他,120.595955,22.63816
45,2022-09-08,18:40:56,屏東縣內埔鄉老埤村壽比路730-1號前0.0公尺,雨,夜間(或隧道、地下道、涵洞)有照明,人與汽(機)車,0,1,人,行人,其他,120.595573,22.639669
46,2022-09-13,18:18:46,屏東縣內埔鄉壽比路682-2號前0.0公尺,晴,晨或暮光,車與車,0,1,小客車,自用,其他,120.595964,22.638371
47,2022-09-17,18:51:55,屏東縣內埔鄉壽比路690之1號前,晴,夜間(或隧道、地下道、涵洞)有照明,車與車,0,1,機車,普通重型,機車,120.595939,22.638814
48,2022-09-19,10:29:00,屏東縣內埔鄉壽比路631號前0.0公尺,晴,日間自然光線,車與車,0,1,機車,普通重型,機車,120.596253,22.637255
49,2022-09-20,16:07:02,屏東縣內埔鄉壽比路307號前,晴,日間自然光線,車與車,0,2,人,乘客,其他,120.597321,22.632364
50,2022-09-21,19:57:55,屏東縣內埔鄉壽比路228號前0.0公尺,晴,夜間(或隧道、地下道、涵洞)有照明,車與車,0,1,小客車,自用,其他,120.596253,22.632296
51,2022-09-23,08:55:00,屏東縣內埔鄉壽比路528號前0.0公尺,晴,日間自然光線,車與車,0,1,小客車,自用,汽車,120.596812,22.635888
52,2022-09-24,07:18:00,屏東縣內埔鄉科大路壽比路,晴,日間自然光線,車與車,0,2,機車,普通輕型,機車,120.592949,22.630076
53,2022-09-26,12:25:19,屏東縣內埔鄉壽比路口 / 屏東縣內埔鄉學府路口,晴,日間自然光線,車與車,0,2,機車,普通重型,機車,120.595528,22.640763
54,2022-09-27,19:07:00,屏東縣內埔鄉老埤村壽比路730-4號附近,晴,日間自然光線,車與車,0,1,,,,120.595803,22.638896
55,2022-09-29,01:41:00,屏東縣內埔鄉壽比路682-1號前,晴,夜間(或隧道、地下道、涵洞)有照明,汽(機)車本身,0,1,機車,普通重型,機車,120.59594,22.638343
56,2022-10-01,11:59:25,屏東縣內埔鄉壽比路與和成巷口,晴,日間自然光線,車與車,0,2,人,乘客,其他,120.596727,22.635803
57,2022-10-03,19:07:00,屏東縣內埔鄉老埤村壽比路577號前0.0公尺附近,晴,夜間(或隧道、地下道、涵洞)有照明,車與車,0,2,機車,普通重型,機車,120.596515,22.636413
58,2022-10-05,17:20:22,屏東縣內埔鄉壽比路682號前,晴,晨或暮光,車與車,0,2,機車,普通重型,機車,120.596003,22.638415
59,2022-10-11,12:16:00,屏東縣內埔鄉壽比路與福泰路口,晴,日間自然光線,車與車,0,1,機車,普通重型,機車,120.594889,22.631628
60,2022-10-25,11:54:26,屏東縣內埔鄉壽比路612號前,晴,日間自然光線,車與車,0,1,機車,普通重型,機車,120.596504,22.637371
61,2022-10-29,13:27:00,屏東縣內埔鄉老埤村壽比路532號附近,晴,日間自然光線,車與車,0,2,機車,普通重型,機車,120.596678,22.635971
62,2022-11-06,11:25:03,屏東縣內埔鄉壽比路88號前,晴,日間自然光線,車與車,0,2,機車,普通重型,機車,120.593226,22.630299
63,2022-11-11,09:32:03,屏東縣內埔鄉壽比路165巷口路段上,晴,日間自然光線,車與車,0,2,人,乘客,其他,120.592213,22.633189
64,2022-11-11,17:40:48,屏東縣內埔鄉老埤村科大路與壽比路口,陰,夜間(或隧道、地下道、涵洞)有照明,車與車,0,2,機車,普通重型,機車,120.592839,22.630007
65,2022-11-17,08:03:00,屏東縣內埔鄉壽比路214號前0.0公尺,晴,日間自然光線,車與車,0,1,機車,普通重型,機車,120.595736,22.632095
66,2022-11-18,13:46:00,屏東縣內埔鄉壽比路165巷90-1號,晴,日間自然光線,車與車,0,3,人,乘客,其他,120.591169,22.6336
67,2022-11-22,21:25:12,屏東縣內埔鄉壽比路585號前,晴,夜間(或隧道、地下道、涵洞)有照明,車與車,0,2,機車,普通重型,機車,120.59628,22.636615
68,2022-11-23,11:23:16,屏東縣內埔鄉壽比路口 / 屏東縣內埔鄉學府路口,晴,日間自然光線,車與車,0,1,機車,普通重型,機車,120.595462,22.640905
69,2022-11-23,17:16:00,屏東縣內埔鄉壽比路口 / 屏東縣內埔鄉科大路1段,晴,日間自然光線,車與車,0,1,機車,普通重型,機車,120.589093,22.633823
70,2022-11-23,17:46:37,屏東縣內埔鄉壽比路616號,晴,夜間(或隧道、地下道、涵洞)有照明,車與車,0,1,機車,普通重型,機車,120.596483,22.637133
71,2022-11-26,18:31:28,屏東縣內埔鄉老埤村壽比路655之9號前0.0公尺,陰,夜間(或隧道、地下道、涵洞)無照明,車與車,0,2,機車,普通重型,機車,120.595955,22.63816
72,2022-11-30,01:29:29,屏東縣內埔鄉壽比路405號,晴,夜間(或隧道、地下道、涵洞)有照明,車與車,0,1,機車,普通重型,機車,120.598009,22.633539
73,2022-11-30,12:22:00,屏東縣內埔鄉壽比路628-1號前0.0公尺,晴,日間自然光線,車與車,0,1,小客車,自用,汽車,120.596134,22.637672
74,2022-12-13,15:13:00,屏東縣內埔鄉壽比路226號前,晴,日間自然光線,車與車,0,1,小客車,自用,汽車,120.595919,22.632139
75,2022-12-17,15:00:00,屏東縣內埔鄉壽比路與學府路口,雨,日間自然光線,車與車,0,1,,,,120.595427,22.640662
76,2022-12-19,12:29:00,屏東縣內埔鄉壽比路與學府路口,晴,日間自然光線,車與車,0,1,機車,普通重型,機車,120.595457,22.640602
77,2022-12-20,17:59:20,屏東縣內埔鄉老埤村壽比路682-2號前0.0公尺,陰,夜間(或隧道、地下道、涵洞)有照明,車與車,0,3,機車,普通重型,機車,120.595871,22.638619
78,2022-12-20,20:54:00,屏東縣內埔鄉老埤村壽比路629號附近,晴,夜間(或隧道、地下道、涵洞)有照明,汽(機)車本身,0,1,機車,普通重型,其他,120.596296,22.63715
79,2022-12-21,23:11:39,屏東縣內埔鄉壽比路與和成巷口,晴,夜間(或隧道、地下道、涵洞)有照明,車與車,0,2,機車,普通重型,機車,120.596727,22.635803
80,2022-12-22,13:08:00,屏東縣內埔鄉壽比路330號前,晴,日間自然光線,車與車,0,1,機車,普通重型,機車,120.597788,22.632811
81,2022-12-25,07:35:59,屏東縣內埔鄉科大路一段與壽比路165巷口,晴,日間自然光線,車與車,0,1,小客車,自用,汽車,120.594847,22.631651
82,2022-12-26,12:45:00,屏東縣內埔鄉壽比路730-4號,晴,日間自然光線,車與車,0,2,機車,普通重型,機車,120.595606,22.639635
83,2022-12-26,14:39:00,屏東縣內埔鄉壽比路214號前,晴,日間自然光線,車與車,0,1,小貨車(含客、貨兩用),自用,汽車,120.595701,22.632115
84,2022-12-26,15:35:00,屏東縣內埔鄉壽比路與和成巷口,晴,日間自然光線,車與車,0,2,機車,普通重型,機車,120.596727,22.635803
85,2022-12-27,11:45:26,屏東縣內埔鄉壽比路與南山路口,晴,日間自然光線,車與車,0,1,機車,普通重型,機車,120.597529,22.632411
86,2022-12-30,12:36:59,屏東縣內埔鄉壽比路719號前0.0公尺,晴,日間自然光線,車與車,0,2,機車,普通重型,機車,120.595422,22.639746
87,2022-01-22,17:40:00,屏東縣麟洛鄉民生路與和成巷,雨,夜間(或隧道、地下道、涵洞)有照明,車與車,0,1,小貨車(含客、貨兩用),自用,汽車,120.543316,22.652516
88,2022-09-22,19:56:00,屏東縣麟洛鄉民生路與和成巷口前,雨,夜間(或隧道、地下道、涵洞)有照明,車與車,0,1,小客車,自用,汽車,120.538658,22.652959
89,2022-12-14,14:55:00,屏東縣麟洛鄉民生路與和成巷路口,晴,日間自然光線,車與車,0,2,機車,普通重型,機車,120.538631,22.652952
90,2022-12-21,23:11:39,屏東縣內埔鄉壽比路與和成巷口,晴,夜間(或隧道、地下道、涵洞)有照明,車與車,0,2,機車,普通重型,機車,120.596727,22.635803
91,2022-12-26,15:35:00,屏東縣內埔鄉壽比路與和成巷口,晴,日間自然光線,車與車,0,2,機車,普通重型,機車,120.596727,22.635803
92,2022-01-01,14:23:00,屏東縣內埔鄉廣濟路與復興路口,晴,日間自然光線,車與車,0,3,人,乘客,其他,120.565698,22.610554
93,2022-01-05,19:25:00,雲林縣古坑鄉廣濟路47-5號,晴,夜間(或隧道、地下道、涵洞)有照明,車與車,0,1,小客車,自用,其他,120.569035,23.681845
94,2022-01-14,07:32:00,雲林縣古坑鄉廣濟路漁池附近,晴,日間自然光線,車與車,0,1,機車,普通重型,機車,120.571201,23.683843
95,2022-01-14,18:11:00,屏東縣內埔鄉東寧村北寧路口 / 屏東縣內埔鄉東寧村廣濟路附近,晴,夜間(或隧道、地下道、涵洞)有照明,車與車,0,2,機車,普通重型,機車,120.5656,22.617708
96,2022-01-16,20:28:00,屏東縣內埔鄉廣濟路36號前0.0公尺,晴,夜間(或隧道、地下道、涵洞)有照明,車與車,0,2,人,乘客,其他,120.567003,22.612607
97,2022-01-22,14:34:36,屏東縣內埔鄉廣濟路163號,晴,日間自然光線,車與車,0,1,小客車,自用,其他,120.566543,22.612553
98,2022-01-22,20:40:00,屏東縣內埔鄉內埔村廣濟路口 / 屏東縣內埔鄉內埔村光明路口,雨,夜間(或隧道、地下道、涵洞)有照明,車與車,0,1,機車,普通重型,機車,120.566318,22.615157
99,2022-01-24,14:41:00,屏東縣內埔鄉廣濟路與仁和路口,晴,日間自然光線,車與車,0,3,人,乘客,其他,120.566517,22.611685
100,2022-01-25,12:59:00,屏東縣內埔鄉廣濟路255號前,晴,日間自然光線,車與車,0,1,機車,普通重型,機車,120.566318,22.614826
101,2022-01-26,17:37:55,屏東縣內埔鄉廣濟路2號前,晴,夜間(或隧道、地下道、涵洞)有照明,車與車,0,1,機車,普通重型,機車,120.565662,22.610117
102,2022-01-27,17:44:00,屏東縣內埔鄉內田村廣濟路與崇文路口,晴,夜間(或隧道、地下道、涵洞)有照明,車與車,0,1,機車,普通重型,機車,120.565642,22.61673
103,2022-02-12,11:47:23,屏東縣內埔鄉廣濟路2號,晴,日間自然光線,車與車,0,1,機車,普通重型,機車,120.565662,22.610117
104,2022-02-18,07:41:00,屏東縣內埔鄉東寧村廣濟路口 / 屏東縣內埔鄉東寧村民生路附近,陰,日間自然光線,車與車,0,1,機車,普通重型,機車,120.56577,22.616797
105,2022-03-03,20:50:00,屏東縣內埔鄉廣濟路口 / 屏東縣內埔鄉東陽街,晴,夜間(或隧道、地下道、涵洞)無照明,車與車,0,1,機車,普通重型,機車,120.566439,22.614359
106,2022-03-07,15:14:00,屏東縣內埔鄉廣濟路187號前,晴,日間自然光線,車與車,0,1,機車,普通重型,機車,120.566591,22.613268
107,2022-03-11,11:23:00,屏東縣內埔鄉廣濟路與自強路口,晴,日間自然光線,車與車,0,2,小客車,自用,汽車,120.566725,22.612711
108,2022-03-20,12:18:19,屏東縣內埔鄉廣濟路廣田路,晴,日間自然光線,車與車,0,1,機車,普通重型,機車,120.566111,22.615692
109,2022-03-25,11:59:00,屏東縣內埔鄉廣濟路98號前,晴,日間自然光線,車與車,0,3,人,乘客,其他,120.5665,22.61394
110,2022-03-28,12:01:52,屏東縣內埔鄉廣濟路23號前0.0公尺,晴,日間自然光線,車與車,0,1,機車,普通重型,機車,120.565154,22.60942
111,2022-04-01,06:35:00,雲林縣古坑鄉廣濟路東林149號電桿附近,陰,日間自然光線,車與車,0,1,小客車,自用,汽車,120.568962,23.681638
112,2022-04-13,18:20:00,屏東縣內埔鄉廣濟路口 / 屏東縣內埔鄉仁智路,晴,晨或暮光,車與車,0,2,機車,普通重型,機車,120.566065,22.61114
113,2022-04-14,07:57:00,屏東縣內埔鄉廣濟路附近/北寧路附近,晴,日間自然光線,人與汽(機)車,0,1,機車,普通重型,機車,120.566725,22.612711
114,2022-04-14,17:29:00,屏東縣內埔鄉廣濟路口 / 屏東縣內埔鄉光明路,晴,日間自然光線,車與車,0,2,人,乘客,其他,120.566286,22.615128
115,2022-04-15,09:45:21,雲林縣古坑鄉廣濟路156號,晴,日間自然光線,車與車,0,2,小客車,自用,汽車,120.569538,23.677503
116,2022-04-19,17:34:06,屏東縣內埔鄉廣濟路西安路,晴,日間自然光線,車與車,0,2,機車,普通重型,機車,120.566701,22.612331
117,2022-04-20,18:08:00,屏東縣內埔鄉廣濟路109號前,晴,日間自然光線,汽(機)車本身,0,1,機車,普通重型,機車,120.566277,22.611614
118,2022-04-22,11:56:53,屏東縣內埔鄉廣濟路口 / 屏東縣內埔鄉復興路口,晴,日間自然光線,車與車,0,1,機車,普通重型,機車,120.565617,22.610109
119,2022-04-27,10:25:27,屏東縣內埔鄉廣濟路仁智路,晴,日間自然光線,車與車,0,1,機車,普通重型,機車,120.566065,22.61114
120,2022-04-27,12:08:00,屏東縣內埔鄉廣濟路口 / 屏東縣內埔鄉光明路,晴,日間自然光線,車與車,0,1,機車,普通重型,機車,120.566286,22.615128
121,2022-04-27,17:07:00,屏東縣內埔鄉廣濟路2號前,晴,日間自然光線,車與車,0,2,機車,普通重型,機車,120.565662,22.610117
122,2022-04-29,07:40:00,雲林縣古坑鄉廣濟路北側 / 雲林縣古坑鄉宮前路東側,晴,日間自然光線,車與車,0,1,小客車,自用,汽車,120.569388,23.682227
123,2022-05-02,18:06:00,屏東縣內埔鄉埔興路口 / 屏東縣內埔鄉廣濟路附近,雨,日間自然光線,人與汽(機)車,0,1,人,行人,其他,120.564724,22.608708
124,2022-05-04,17:30:00,屏東縣內埔鄉廣濟路附近 / 屏東縣內埔鄉自強路,晴,日間自然光線,車與車,0,1,機車,普通重型,機車,120.565935,22.616357
125,2022-05-10,07:46:00,屏東縣內埔鄉廣濟路2號前,晴,日間自然光線,車與車,0,2,機車,普通重型,機車,120.565662,22.610117
126,2022-05-14,11:37:00,雲林縣古坑鄉廣濟路36之2號前,雨,日間自然光線,汽(機)車本身,0,1,,,,120.569038,23.680996
127,2022-05-23,10:15:00,屏東縣內埔鄉廣濟路161號旁,晴,日間自然光線,車與車,0,1,機車,普通重型,機車,120.566658,22.612848
128,2022-05-26,15:59:00,屏東縣內埔鄉廣濟路與仁和路口,晴,日間自然光線,車與車,0,2,機車,普通重型,機車,120.56676,22.611807
129,2022-06-01,10:58:00,雲林縣古坑鄉廣濟路80-1號前,晴,日間自然光線,汽(機)車本身,0,1,,,,120.569731,23.683156
130,2022-06-02,17:22:00,屏東縣內埔鄉內埔村廣濟路口 / 屏東縣內埔鄉內埔村復興路口,晴,日間自然光線,車與車,0,1,機車,普通重型,機車,120.565742,22.61056
131,2022-06-03,06:08:00,屏東縣內埔鄉廣濟路156號,晴,日間自然光線,車與車,0,1,小客車,自用,其他,120.566882,22.615182
132,2022-06-08,18:18:00,屏東縣內埔鄉內埔村廣濟路口 / 屏東縣內埔鄉內埔村光明路口,雨,夜間(或隧道、地下道、涵洞)有照明,車與車,0,1,機車,普通重型,機車,120.566336,22.615069
133,2022-06-09,20:28:57,屏東縣內埔鄉廣濟路與自強路口,晴,日間自然光線,車與車,0,2,機車,普通重型,機車,120.566725,22.612711
134,2022-06-12,18:28:00,屏東縣內埔鄉廣濟路附近 / 屏東縣內埔鄉光明路口,晴,日間自然光線,車與車,0,1,機車,普通重型,機車,120.566275,22.615136
135,2022-06-12,18:35:02,屏東縣內埔鄉廣濟路永光路,晴,夜間(或隧道、地下道、涵洞)有照明,車與車,0,1,機車,普通重型,機車,120.564748,22.60871
136,2022-06-25,15:19:00,屏東縣內埔鄉廣濟路口 / 屏東縣內埔鄉廣田路,晴,日間自然光線,車與車,0,1,小客車,自用,其他,120.566111,22.615692
137,2022-06-28,06:37:00,屏東縣內埔鄉廣濟路1號前,晴,日間自然光線,車與車,0,1,機車,普通重型,機車,120.56476,22.608892
138,2022-07-22,14:59:06,屏東縣內埔鄉廣濟路74號前,晴,日間自然光線,車與車,0,1,機車,普通重型,機車,120.566618,22.613743
139,2022-08-08,15:46:44,屏東縣內埔鄉廣濟路口 / 屏東縣內埔鄉仁智路口,晴,日間自然光線,車與車,0,2,機車,普通重型,機車,120.566084,22.611096
140,2022-08-19,07:45:05,雲林縣古坑鄉東和村文化路與廣濟路口,晴,日間自然光線,車與車,0,1,機車,普通重型,機車,120.56969,23.683087
141,2022-08-22,18:07:00,雲林縣古坑鄉廣濟路127-20號,晴,晨或暮光,車與車,0,2,機車,普通重型,機車,120.571321,23.685119
142,2022-08-26,12:47:53,屏東縣內埔鄉廣濟路95巷口,晴,日間自然光線,車與車,0,1,機車,普通重型,機車,120.565777,22.611402
143,2022-09-10,09:54:00,屏東縣內埔鄉內田村廣濟路209號附近,晴,日間自然光線,車與車,0,2,機車,普通重型,機車,120.566549,22.613862
144,2022-09-10,11:34:00,屏東縣內埔鄉內田村廣濟路北側 / 屏東縣內埔鄉內田村仁智路附近,晴,日間自然光線,車與車,0,2,機車,普通重型,機車,120.566078,22.611117
145,2022-09-11,12:00:40,屏東縣內埔鄉廣濟路2號前,晴,日間自然光線,車與車,0,1,機車,普通重型,機車,120.565662,22.610117
146,2022-09-16,02:36:00,屏東縣內埔鄉廣濟路與崇文巷口,晴,夜間(或隧道、地下道、涵洞)有照明,車與車,0,2,小客車,自用,汽車,120.566323,22.615136
147,2022-09-16,11:50:00,雲林縣古坑鄉廣濟路176號,晴,日間自然光線,車與車,0,1,機車,普通重型,機車,120.569376,23.679405
148,2022-09-17,17:42:37,屏東縣內埔鄉廣濟路復興路,晴,日間自然光線,車與車,0,1,機車,普通重型,機車,120.565742,22.61056
149,2022-09-19,17:27:00,屏東縣內埔鄉內埔村廣濟路26號前0.0公尺,晴,日間自然光線,車與車,0,1,小客車,自用,汽車,120.566565,22.612005
150,2022-09-19,19:52:00,屏東縣內埔鄉廣濟路附近 / 屏東縣內埔鄉復興路,晴,夜間(或隧道、地下道、涵洞)有照明,人與汽(機)車,0,1,人,行人,其他,120.565742,22.61056
151,2022-09-24,20:00:00,雲林縣古坑鄉149甲線與廣濟路口,晴,夜間(或隧道、地下道、涵洞)有照明,車與車,0,1,慢車,腳踏自行車,其他,120.571628,23.684669
152,2022-09-25,12:11:57,屏東縣內埔鄉廣濟路213號前,晴,日間自然光線,車與車,0,2,機車,普通重型,機車,120.566457,22.613705
153,2022-09-26,06:27:00,雲林縣古坑鄉東和村149線公路口 / 雲林縣古坑鄉東和村廣濟路附近,晴,日間自然光線,車與車,0,3,人,乘客,其他,120.571647,23.684814
154,2022-10-04,15:58:00,屏東縣內埔鄉廣濟路與崇文巷口,晴,日間自然光線,人與汽(機)車,0,1,人,行人,其他,120.56635,22.615096
155,2022-10-06,16:50:32,屏東縣內埔鄉廣濟路2-6號前,晴,日間自然光線,車與車,0,1,機車,普通重型,機車,120.566256,22.61148
156,2022-10-10,12:31:00,屏東縣內埔鄉廣濟路口 / 屏東縣內埔鄉自強路,晴,日間自然光線,車與車,0,1,機車,普通重型,機車,120.565927,22.616256
157,2022-10-20,11:45:00,雲林縣古坑鄉廣濟路與永和路口,晴,日間自然光線,車與車,0,1,小貨車(含客、貨兩用),自用,汽車,120.569143,23.680469
158,2022-10-22,17:28:12,屏東縣內埔鄉廣濟路埔興路,晴,夜間(或隧道、地下道、涵洞)有照明,車與車,0,1,機車,普通重型,機車,120.564748,22.60871
159,2022-11-06,20:34:06,屏東縣內埔鄉廣濟路口 / 屏東縣內埔鄉東陽街口,晴,夜間(或隧道、地下道、涵洞)有照明,車與車,0,2,人,乘客,其他,120.566476,22.614327
160,2022-11-07,07:50:00,屏東縣內埔鄉廣濟路與崇文巷口,晴,日間自然光線,汽(機)車本身,0,1,小客車,自用,汽車,120.56628,22.615047
161,2022-11-23,12:20:00,雲林縣古坑鄉東和村廣濟路60號前,晴,日間自然光線,汽(機)車本身,0,1,機車,普通重型,其他,120.569384,23.682499
162,2022-11-28,08:10:00,雲林縣古坑鄉宮前路與廣濟路口,晴,日間自然光線,車與車,0,1,機車,普通重型,機車,120.569381,23.682198
163,2022-11-30,19:27:24,屏東縣內埔鄉內埔村廣濟路與永光路口,陰,夜間(或隧道、地下道、涵洞)有照明,車與車,0,3,人,乘客,其他,120.564794,22.608825
164,2022-12-13,17:30:28,屏東縣內埔鄉廣濟路與仁智路口,晴,日間自然光線,車與車,0,1,機車,普通重型,機車,120.566106,22.61111
165,2022-12-16,17:18:00,屏東縣內埔鄉廣濟路與仁和路口,晴,晨或暮光,車與車,0,1,機車,普通重型,機車,120.566447,22.611887
166,2022-12-17,18:16:50,屏東縣內埔鄉廣濟路與自強路口,雨,夜間(或隧道、地下道、涵洞)有照明,車與車,0,3,人,乘客,其他,120.565847,22.616351
167,2022-12-20,08:22:00,屏東縣內埔鄉廣濟路255號前0.0公尺,晴,日間自然光線,車與車,0,2,機車,普通重型,機車,120.566179,22.614732
168,2022-01-05,11:14:00,屏東縣內埔鄉內埔村光明路口 / 屏東縣內埔鄉內埔村中興路口,晴,日間自然光線,車與車,0,1,機車,普通重型,機車,120.57124,22.616042
169,2022-01-06,13:36:45,屏東縣內埔鄉光明路268號前,晴,日間自然光線,車與車,0,1,慢車,腳踏自行車,其他,120.56854,22.615749
170,2022-01-20,17:33:00,屏東縣內埔鄉光明路口 / 屏東縣內埔鄉南華路,晴,晨或暮光,車與車,0,1,機車,普通重型,其他,120.575423,22.616649
171,2022-02-11,22:21:00,屏東縣內埔鄉光明路與光明路689巷口,晴,夜間(或隧道、地下道、涵洞)有照明,車與車,0,3,人,乘客,其他,120.567017,22.615236
172,2022-03-05,12:47:00,屏東縣內埔鄉光明路口 / 屏東縣內埔鄉勝利路口,晴,日間自然光線,車與車,0,2,機車,普通重型,機車,120.570231,22.615822
173,2022-03-11,08:58:00,屏東縣內埔鄉光明路487-1號前,晴,日間自然光線,車與車,0,1,機車,普通重型,機車,120.572063,22.616134
174,2022-03-18,13:33:00,屏東縣內埔鄉光明路170號前0.0公尺,晴,日間自然光線,汽(機)車本身,0,1,,,,120.57218,22.616267
175,2022-04-03,18:54:00,屏東縣內埔鄉光明路160號前0.0公尺,晴,夜間(或隧道、地下道、涵洞)有照明,車與車,0,1,小客車,自用,汽車,120.566732,22.612401
176,2022-04-05,19:58:00,屏東縣內埔鄉光明路276號,晴,夜間(或隧道、地下道、涵洞)有照明,車與車,0,2,機車,普通重型,機車,120.568274,22.615636
177,2022-04-18,22:13:47,屏東縣內埔鄉光明路口 / 屏東縣內埔鄉南華路口,晴,夜間(或隧道、地下道、涵洞)有照明,汽(機)車本身,0,1,小客車,自用,其他,120.57539,22.61657
178,2022-04-28,15:06:00,屏東縣內埔鄉內埔村光明路與光明路689巷口,晴,日間自然光線,車與車,0,1,機車,普通重型,機車,120.567027,22.615282
179,2022-04-28,16:00:54,屏東縣內埔鄉光明路252號,晴,日間自然光線,車與車,0,1,小客車,自用,汽車,120.568891,22.615775
180,2022-04-30,13:30:00,屏東縣內埔鄉內埔村光明路附近 / 屏東縣內埔鄉內埔村光明路口,晴,日間自然光線,人與汽(機)車,0,1,人,乘客,其他,120.57227,22.616173
181,2022-05-12,17:17:00,屏東縣內埔鄉光明路口 / 屏東縣內埔鄉崇文巷路附近,晴,日間自然光線,車與車,0,1,慢車,腳踏自行車,其他,120.566253,22.61513
182,2022-07-24,12:29:14,屏東縣內埔鄉光明路687之1號前,晴,日間自然光線,車與車,0,1,小貨車(含客、貨兩用),自用,汽車,120.567105,22.615302
183,2022-08-29,11:36:00,屏東縣內埔鄉內埔村光明路481巷62號前0.0公尺附近,晴,日間自然光線,車與車,0,1,小客車,自用,汽車,120.571838,22.615034
184,2022-09-12,18:36:00,屏東縣內埔鄉光明路附近 / 屏東縣內埔鄉光明路292巷口,晴,夜間(或隧道、地下道、涵洞)有照明,車與車,0,1,機車,普通重型,機車,120.567506,22.615398
185,2022-09-15,11:58:44,屏東縣內埔鄉光明路226號前0.0公尺,晴,日間自然光線,車與車,0,2,機車,普通重型,機車,120.56996,22.615845
186,2022-09-18,21:29:00,屏東縣內埔鄉勝利路附近 / 屏東縣內埔鄉光明路,晴,夜間(或隧道、地下道、涵洞)有照明,車與車,0,1,機車,普通重型,機車,120.570242,22.61587
187,2022-09-26,22:49:40,屏東縣內埔鄉光明路651號前,晴,夜間(或隧道、地下道、涵洞)有照明,車與車,0,1,小客車,自用,汽車,120.567463,22.615308
188,2022-10-02,12:20:17,屏東縣內埔鄉光明路97號前,晴,日間自然光線,車與車,0,2,機車,普通重型,機車,120.574101,22.616352
189,2022-10-23,13:45:59,屏東縣內埔鄉光明路268號前,晴,日間自然光線,車與車,0,3,人,乘客,其他,120.56854,22.615749
190,2022-11-29,18:03:00,屏東縣內埔鄉光明路口 / 屏東縣內埔鄉中興路,晴,夜間(或隧道、地下道、涵洞)有照明,車與車,0,2,機車,普通重型,機車,120.57124,22.616042
191,2022-12-08,01:25:49,屏東縣內埔鄉光明路495號前,晴,日間自然光線,車與車,0,2,人,乘客,其他,120.571667,22.61602
192,2022-12-14,20:17:06,屏東縣內埔鄉內埔村光明路口 / 屏東縣內埔鄉內埔村勝利路口,陰,夜間(或隧道、地下道、涵洞)有照明,車與車,0,1,人,乘客,其他,120.570272,22.615884
193,2022-12-20,07:51:04,屏東縣內埔鄉光明路、興安街口,晴,日間自然光線,車與車,0,2,機車,普通重型,機車,120.573516,22.616381
194,2022-12-20,17:21:50,屏東縣內埔鄉內埔村光明路156號前0.0公尺,晴,日間自然光線,車與車,0,2,機車,普通重型,機車,120.572512,22.616261
195,2022-05-02,19:19:00,屏東縣內埔鄉科大路二段與新生路口,晴,夜間(或隧道、地下道、涵洞)有照明,車與車,0,1,機車,普通重型,機車,120.573215,22.649196
196,2022-08-01,08:20:00,屏東縣內埔鄉科大路二段與大同路三段口,雨,日間自然光線,車與車,0,1,機車,普通重型,機車,120.579277,22.643352
197,2022-08-07,02:53:37,屏東縣內埔鄉科大路二段與新生路口,晴,日間自然光線,汽(機)車本身,0,2,人,乘客,其他,120.576389,22.646142
198,2022-09-03,15:05:00,屏東縣內埔鄉東勢村科大路二段88巷與榮和巷口,雨,日間自然光線,車與車,0,1,小貨車(含客、貨兩用),自用,汽車,120.576959,22.650226
199,2022-09-30,14:23:37,屏東縣內埔鄉新生路與科大路二段29巷,晴,日間自然光線,車與車,0,1,小客車,自用,汽車,120.578044,22.644572
200,2022-10-09,19:18:00,屏東縣內埔鄉科大路二段與新生路口,晴,夜間(或隧道、地下道、涵洞)有照明,車與車,0,1,機車,普通重型,機車,120.5727,22.649683
201,2022-02-25,18:14:00,屏東縣內埔鄉大同路三段與科大路一段路口,晴,夜間(或隧道、地下道、涵洞)有照明,車與車,0,1,小客車,自用,汽車,120.579277,22.643352
202,2022-07-30,10:27:00,屏東縣內埔鄉大同路三段290號前,晴,日間自然光線,汽(機)車本身,0,2,機車,普通重型,機車,120.590078,22.633898
203,2022-01-16,10:26:00,屏東縣內埔鄉老埤村學府路1號前,晴,日間自然光線,車與車,0,1,機車,普通重型,機車,120.595478,22.640851
204,2022-02-25,15:30:00,屏東縣內埔鄉學府路1號前,晴,日間自然光線,車與車,0,1,機車,普通重型,機車,120.613473,22.642657
205,2022-03-03,11:35:00,屏東縣內埔鄉中林村中林路口 / 屏東縣內埔鄉中林村學府路附近,晴,日間自然光線,車與車,0,1,小客車,自用,汽車,120.595487,22.6409
206,2022-03-17,02:11:50,屏東縣內埔鄉學府路與中林路口,晴,夜間(或隧道、地下道、涵洞)有照明,車與車,0,3,人,乘客,其他,120.604358,22.641778
207,2022-03-17,13:02:00,屏東縣內埔鄉中林路附近 / 屏東縣內埔鄉學府路,晴,日間自然光線,車與車,0,2,人,乘客,其他,120.595507,22.640884
208,2022-03-24,21:33:00,屏東縣內埔鄉中林路口 / 屏東縣內埔鄉學府路口,晴,夜間(或隧道、地下道、涵洞)有照明,車與車,0,2,機車,普通重型,機車,120.595507,22.640884
209,2022-04-06,20:17:00,屏東縣內埔鄉科大北路附近 / 屏東縣內埔鄉學府路,晴,夜間(或隧道、地下道、涵洞)有照明,汽(機)車本身,0,1,,,,120.604358,22.641778
210,2022-04-09,18:05:00,屏東縣內埔鄉中林路口 / 屏東縣內埔鄉學府路,晴,日間自然光線,車與車,0,1,機車,普通重型,機車,120.595507,22.640884
211,2022-04-30,01:12:00,屏東縣內埔鄉中林路口 / 屏東縣內埔鄉學府路口,晴,夜間(或隧道、地下道、涵洞)有照明,車與車,0,2,人,乘客,其他,120.595507,22.640884
212,2022-09-21,17:54:17,屏東縣內埔鄉學府路與中林路口,晴,夜間(或隧道、地下道、涵洞)有照明,車與車,0,2,機車,普通重型,機車,120.595504,22.640918
213,2022-11-05,12:11:00,屏東縣內埔鄉科大北路附近 / 屏東縣內埔鄉學府路,晴,日間自然光線,車與車,0,2,機車,普通重型,機車,120.592906,22.640577
214,2022-12-01,11:37:21,屏東縣內埔鄉科大北路與學府路口,晴,日間自然光線,車與車,0,1,機車,普通重型,機車,120.59307,22.640828
215,2022-12-02,14:03:00,屏東縣內埔鄉老埤村學府路北側 / 屏東縣內埔鄉老埤村科大北路附近,晴,日間自然光線,汽(機)車本身,0,1,,,,120.593155,22.640818
216,2022-12-10,11:07:15,屏東縣內埔鄉科大北路與學府路口,晴,日間自然光線,車與車,0,2,人,乘客,其他,120.59307,22.640828
217,2022-01-15,10:57:00,屏東縣內埔鄉南寧路口 / 屏東縣內埔鄉民善路,晴,日間自然光線,車與車,0,2,機車,普通重型,機車,120.558479,22.62199
218,2022-02-04,21:09:00,屏東縣內埔鄉南寧路148號前,晴,夜間(或隧道、地下道、涵洞)有照明,車與車,0,1,人,乘客,其他,120.563179,22.619152
219,2022-02-12,12:09:00,屏東縣內埔鄉台1線.南寧路口,晴,日間自然光線,車與車,0,2,人,乘客,其他,120.556589,22.622864
220,2022-03-01,15:33:02,屏東縣內埔鄉南寧路187號前,晴,日間自然光線,車與車,0,2,小客車,自用,汽車,120.562091,22.619538
221,2022-03-02,09:46:00,屏東縣內埔鄉南寧路與東寧路口,晴,日間自然光線,車與車,0,2,機車,普通重型,機車,120.564553,22.618007
222,2022-03-10,10:41:00,屏東縣內埔鄉南寧路485號附近,晴,日間自然光線,車與車,0,3,人,乘客,其他,120.555547,22.623833
223,2022-03-14,12:00:00,屏東縣內埔鄉東寧村南寧路口 / 屏東縣內埔鄉東寧村勝利路附近,晴,日間自然光線,車與車,0,1,機車,普通重型,機車,120.559695,22.621216
224,2022-03-19,23:10:00,屏東縣內埔鄉南寧路69號前,晴,日間自然光線,車與車,0,1,機車,普通重型,機車,120.564793,22.61798
225,2022-03-24,19:51:00,屏東縣內埔鄉南寧路284號前0.0公尺,晴,夜間(或隧道、地下道、涵洞)有照明,汽(機)車本身,0,2,人,乘客,其他,120.560342,22.620906
226,2022-03-26,07:46:00,屏東縣內埔鄉東寧村南寧路口 / 屏東縣內埔鄉東寧村勝利路附近,晴,日間自然光線,車與車,0,2,人,乘客,其他,120.559738,22.621181
227,2022-04-01,08:29:00,屏東縣內埔鄉台1線.南寧路口,晴,日間自然光線,車與車,0,1,機車,普通重型,機車,120.556723,22.622506
228,2022-04-07,07:55:00,屏東縣內埔鄉南寧路108號前,晴,日間自然光線,車與車,0,2,機車,普通重型,機車,120.563853,22.618565
229,2022-05-01,12:23:21,屏東縣內埔鄉南寧路與利寧路口,晴,日間自然光線,車與車,0,2,小客車,自用,汽車,120.564077,22.618415
230,2022-05-03,11:58:00,屏東縣內埔鄉南寧路137號前0.0公尺,晴,日間自然光線,人與汽(機)車,0,2,人,行人,其他,120.563127,22.618941
231,2022-05-22,16:17:00,屏東縣內埔鄉東寧村南寧路口 / 屏東縣內埔鄉民善路,晴,日間自然光線,車與車,0,1,小客車,自用,汽車,120.558479,22.62199
232,2022-05-25,13:48:00,屏東縣內埔鄉東寧村南寧路口 / 屏東縣內埔鄉東寧村民善路附近,晴,日間自然光線,車與車,0,1,小客車,自用,汽車,120.558515,22.621996
233,2022-06-14,18:23:47,屏東縣內埔鄉屏光路南寧路,晴,日間自然光線,車與車,0,1,小客車,自用,汽車,120.556547,22.62284
234,2022-07-03,15:46:01,屏東縣內埔鄉南寧路利寧路,晴,日間自然光線,車與車,0,2,機車,大型重型1(550C.C.以上),機車,120.564066,22.618424
235,2022-07-08,08:50:00,屏東縣內埔鄉南寧路口 / 屏東縣內埔鄉平昌街,晴,日間自然光線,車與車,0,1,小客車,自用,汽車,120.564612,22.618068
236,2022-07-10,17:28:00,屏東縣內埔鄉東寧村南寧路228號前0.0公尺,晴,日間自然光線,車與車,0,1,機車,普通重型,機車,120.561214,22.620248
237,2022-07-13,20:10:01,屏東縣內埔鄉屏光路與南寧路口,晴,日間自然光線,車與車,0,1,小客車,自用,汽車,120.558854,22.612406
238,2022-07-16,18:26:00,屏東縣內埔鄉南寧路191號前,晴,日間自然光線,車與車,0,1,慢車,腳踏自行車,其他,120.562035,22.619575
239,2022-07-28,07:51:00,屏東縣內埔鄉內埔鄉南寧路71號前,晴,日間自然光線,車與車,0,1,機車,普通重型,機車,120.564518,22.617871
240,2022-07-30,16:04:00,屏東縣內埔鄉南寧路23號前,晴,日間自然光線,車與車,0,1,機車,普通重型,機車,120.565568,22.617248
241,2022-07-31,22:45:00,屏東縣內埔鄉東寧村南寧路31號附近,晴,日間自然光線,車與車,0,1,小客車,自用,汽車,120.565478,22.617517
242,2022-08-13,09:37:07,屏東縣內埔鄉南寧路與東寧路口,晴,日間自然光線,車與車,0,1,機車,普通重型,機車,120.559679,22.621203
243,2022-09-02,07:32:00,屏東縣內埔鄉勝利路口 / 屏東縣內埔鄉南寧路,晴,日間自然光線,車與車,0,1,機車,普通重型,機車,120.559745,22.621167
244,2022-09-04,08:38:22,屏東縣內埔鄉南寧路3號,晴,日間自然光線,車與車,0,1,機車,普通重型,機車,120.565483,22.616809
245,2022-09-23,15:47:00,屏東縣內埔鄉南寧路492-1號,雨,日間自然光線,人與汽(機)車,0,1,人,乘客,其他,120.554734,22.624477
246,2022-10-03,15:50:42,屏東縣內埔鄉南寧路442-8號前0.0公尺,晴,日間自然光線,汽(機)車本身,0,1,,,,120.55651,22.623342
247,2022-10-04,12:39:32,屏東縣內埔鄉勝利路與南寧路口,晴,日間自然光線,車與車,0,1,機車,普通重型,機車,120.559641,22.621201
248,2022-10-17,17:52:24,屏東縣內埔鄉南寧路與勝利路口,晴,日間自然光線,車與車,0,1,機車,普通重型,機車,120.566314,22.619741
249,2022-11-04,09:51:00,屏東縣內埔鄉東寧村台一線與南寧路口,晴,夜間(或隧道、地下道、涵洞)有照明,車與車,0,1,人,乘客,其他,120.556541,22.622851
250,2022-11-08,07:48:00,屏東縣內埔鄉南寧路422號前,晴,日間自然光線,車與車,0,2,機車,普通重型,機車,120.557627,22.622569
251,2022-11-11,11:38:15,屏東縣內埔鄉南寧路與民善路口,晴,日間自然光線,車與車,0,1,小客車,自用,汽車,120.559679,22.621203
252,2022-11-16,21:24:44,屏東縣內埔鄉南寧路55號對面,晴,夜間(或隧道、地下道、涵洞)有照明,車與車,0,1,機車,普通重型,機車,120.565129,22.617804
253,2022-11-25,19:41:00,屏東縣內埔鄉南寧路與平昌街口,晴,日間自然光線,車與車,0,1,機車,普通重型,機車,120.564598,22.618098
254,2022-12-15,19:32:20,屏東縣內埔鄉南寧路與平昌街口,晴,夜間(或隧道、地下道、涵洞)有照明,人與汽(機)車,0,2,人,行人,其他,120.564545,22.618119
255,2022-11-21,09:31:00,屏東縣內埔鄉東寧村北寧路口 / 屏東縣內埔鄉東寧村平昌街附近,晴,日間自然光線,車與車,0,2,人,乘客,其他,120.565736,22.618249
256,2022-12-08,10:36:20,屏東縣內埔鄉平昌街口 / 屏東縣內埔鄉北寧路口,晴,日間自然光線,車與車,0,2,機車,普通重型,機車,120.565745,22.618264
257,2022-12-09,17:02:00,屏東縣內埔鄉東寧村平昌街1號前0.0公尺附近,晴,日間自然光線,車與車,0,1,機車,普通重型,機車,120.565182,22.61823
258,2022-12-31,17:56:09,屏東縣內埔鄉北寧路口 / 屏東縣內埔鄉平昌街口,晴,日間自然光線,車與車,0,2,人,乘客,其他,120.565755,22.618293
259,2022-01-05,23:18:00,屏東縣內埔鄉東寧村勝利路口 / 屏東縣內埔鄉東寧村北寧路附近,晴,夜間(或隧道、地下道、涵洞)有照明,車與車,0,2,,,,120.566016,22.619864
260,2022-01-27,19:12:00,屏東縣內埔鄉東寧路與勝利路口,晴,夜間(或隧道、地下道、涵洞)有照明,車與車,0,2,機車,普通重型,機車,120.566314,22.619741
261,2022-02-07,09:00:00,屏東縣內埔鄉東寧村勝利路口 / 屏東縣內埔鄉東寧村北寧路口,陰,夜間(或隧道、地下道、涵洞)有照明,車與車,0,1,小客車,自用,汽車,120.566015,22.61983
262,2022-02-24,19:05:00,屏東縣內埔鄉東寧村勝利路722號附近,晴,夜間(或隧道、地下道、涵洞)有照明,車與車,0,2,機車,普通重型,機車,120.559864,22.620424
263,2022-03-28,17:23:00,屏東縣內埔鄉勝利路255號,晴,日間自然光線,車與車,0,1,機車,普通輕型,機車,120.565038,22.620229
264,2022-04-22,16:55:00,屏東縣內埔鄉東寧路口 / 屏東縣內埔鄉勝利路,晴,日間自然光線,車與車,0,3,人,乘客,其他,120.559844,22.620623
265,2022-04-29,14:48:00,屏東縣內埔鄉東寧村北寧路口 / 屏東縣內埔鄉東寧村勝利路口,晴,日間自然光線,車與車,0,1,機車,普通重型,機車,120.566014,22.619774
266,2022-04-30,15:09:00,屏東縣內埔鄉勝利路與東寧路口,晴,日間自然光線,車與車,0,2,機車,普通重型,機車,120.559941,22.620731
267,2022-05-07,13:13:00,屏東縣內埔鄉北寧路與勝利路口,晴,日間自然光線,車與車,0,1,人,乘客,其他,120.566314,22.619741
268,2022-05-20,18:00:00,屏東縣內埔鄉勝利路49巷口,晴,日間自然光線,車與車,0,2,機車,普通重型,機車,120.569372,22.616878
269,2022-08-02,09:40:40,屏東縣內埔鄉勝利路東興路,雨,日間自然光線,車與車,0,2,機車,普通重型,機車,120.566766,22.619496
270,2022-08-19,15:38:06,屏東縣內埔鄉北寧路口 / 屏東縣內埔鄉勝利路口,晴,日間自然光線,車與車,0,1,小客車,自用,汽車,120.566,22.619819
271,2022-09-07,05:00:00,屏東縣內埔鄉勝利路189號前0.0公尺,晴,夜間(或隧道、地下道、涵洞)有照明,車與車,0,1,,,,120.567013,22.619184
272,2022-09-13,11:56:00,屏東縣內埔鄉勝利路口 / 屏東縣內埔鄉東寧路,晴,日間自然光線,車與車,0,2,機車,普通重型,機車,120.56033,22.622128
273,2022-09-22,08:24:00,屏東縣內埔鄉勝利路與平昌路口,晴,日間自然光線,車與車,0,1,機車,普通重型,機車,120.567401,22.618942
274,2022-10-02,18:15:57,屏東縣內埔鄉勝利路口 / 屏東縣內埔鄉勝利路,晴,夜間(或隧道、地下道、涵洞)有照明,車與車,0,1,機車,普通重型,機車,120.565033,22.620158
275,2022-10-07,18:26:00,屏東縣內埔鄉勝利路口 / 屏東縣內埔鄉北寧路,雨,夜間(或隧道、地下道、涵洞)有照明,車與車,0,2,慢車,腳踏自行車,其他,120.566671,22.61954
276,2022-12-23,18:07:47,屏東縣內埔鄉勝利路283號前,晴,夜間(或隧道、地下道、涵洞)有照明,車與車,0,2,機車,普通重型,機車,120.564482,22.620356
277,2022-01-05,11:14:00,屏東縣內埔鄉內埔村光明路口 / 屏東縣內埔鄉內埔村中興路口,晴,日間自然光線,車與車,0,1,機車,普通重型,機車,120.57124,22.616042
278,2022-01-06,13:36:45,屏東縣內埔鄉光明路268號前,晴,日間自然光線,車與車,0,1,機車,普通重型,機車,120.56854,22.615749
279,2022-01-20,17:33:00,屏東縣內埔鄉光明路口 / 屏東縣內埔鄉南華路,晴,晨或暮光,車與車,0,1,機車,普通重型,其他,120.575423,22.616649
280,2022-01-22,20:40:00,屏東縣內埔鄉內埔村廣濟路口 / 屏東縣內埔鄉內埔村光明路口,雨,夜間(或隧道、地下道、涵洞)有照明,車與車,0,1,機車,普通重型,機車,120.566318,22.615157
281,2022-02-03,20:30:00,屏東縣內埔鄉光明路471號前0.0公尺,晴,夜間(或隧道、地下道、涵洞)有照明,車與車,0,1,機車,普通重型,機車,120.572918,22.616239
282,2022-02-11,22:21:00,屏東縣內埔鄉光明路與光明路689巷口,晴,夜間(或隧道、地下道、涵洞)有照明,車與車,0,3,人,乘客,其他,120.567017,22.615236
283,2022-03-05,12:47:00,屏東縣內埔鄉光明路口 / 屏東縣內埔鄉勝利路口,晴,日間自然光線,車與車,0,2,機車,普通重型,機車,120.570231,22.615822
284,2022-03-11,08:58:00,屏東縣內埔鄉光明路487-1號前,晴,日間自然光線,車與車,0,1,機車,普通重型,機車,120.572063,22.616134
285,2022-03-11,13:16:00,屏東縣內埔鄉光明路口 / 屏東縣內埔鄉新光路,晴,日間自然光線,車與車,0,2,機車,普通重型,機車,120.568442,22.615586
286,2022-03-18,13:33:00,屏東縣內埔鄉光明路170號前0.0公尺,晴,日間自然光線,汽(機)車本身,0,1,,,,120.57218,22.616267
287,2022-04-03,18:54:00,屏東縣內埔鄉光明路160號前0.0公尺,晴,夜間(或隧道、地下道、涵洞)有照明,車與車,0,1,小客車,自用,汽車,120.566732,22.612401
288,2022-04-05,19:58:00,屏東縣內埔鄉光明路276號,晴,夜間(或隧道、地下道、涵洞)有照明,車與車,0,2,機車,普通重型,機車,120.568274,22.615636
289,2022-04-14,17:29:00,屏東縣內埔鄉廣濟路口 / 屏東縣內埔鄉光明路,晴,日間自然光線,車與車,0,2,人,乘客,其他,120.566286,22.615128
290,2022-04-18,22:13:47,屏東縣內埔鄉光明路口 / 屏東縣內埔鄉南華路口,晴,夜間(或隧道、地下道、涵洞)有照明,汽(機)車本身,0,1,小客車,自用,其他,120.57539,22.61657
291,2022-04-27,12:08:00,屏東縣內埔鄉廣濟路口 / 屏東縣內埔鄉光明路,晴,日間自然光線,車與車,0,1,機車,普通重型,機車,120.566286,22.615128
292,2022-04-28,15:06:00,屏東縣內埔鄉內埔村光明路與光明路689巷口,晴,日間自然光線,車與車,0,1,機車,普通重型,機車,120.567027,22.615282
293,2022-04-28,16:00:54,屏東縣內埔鄉光明路252號,晴,日間自然光線,車與車,0,1,小客車,自用,汽車,120.568891,22.615775
294,2022-04-30,13:30:00,屏東縣內埔鄉內埔村光明路附近 / 屏東縣內埔鄉內埔村光明路口,晴,日間自然光線,人與汽(機)車,0,1,人,乘客,其他,120.57227,22.616173
295,2022-05-08,19:34:00,屏東縣內埔鄉光明路218-1號前,晴,夜間(或隧道、地下道、涵洞)有照明,車與車,0,2,人,乘客,其他,120.570571,22.615891
296,2022-05-12,17:17:00,屏東縣內埔鄉光明路口 / 屏東縣內埔鄉崇文巷路附近,晴,日間自然光線,車與車,0,1,慢車,腳踏自行車,其他,120.566253,22.61513
297,2022-06-08,18:18:00,屏東縣內埔鄉內埔村廣濟路口 / 屏東縣內埔鄉內埔村光明路口,雨,夜間(或隧道、地下道、涵洞)有照明,車與車,0,1,機車,普通重型,機車,120.566336,22.615069
298,2022-06-12,18:28:00,屏東縣內埔鄉廣濟路附近 / 屏東縣內埔鄉光明路口,晴,日間自然光線,車與車,0,1,機車,普通重型,機車,120.566275,22.615136
299,2022-07-24,12:29:14,屏東縣內埔鄉光明路687之1號前,晴,日間自然光線,車與車,0,1,小貨車(含客、貨兩用),自用,汽車,120.567105,22.615302
300,2022-08-29,11:36:00,屏東縣內埔鄉內埔村光明路481巷62號前0.0公尺附近,晴,日間自然光線,車與車,0,1,小客車,自用,汽車,120.571838,22.615034
301,2022-09-12,18:36:00,屏東縣內埔鄉光明路附近 / 屏東縣內埔鄉光明路292巷口,晴,夜間(或隧道、地下道、涵洞)有照明,車與車,0,1,機車,普通重型,機車,120.567506,22.615398
302,2022-09-15,11:58:44,屏東縣內埔鄉光明路226號前0.0公尺,晴,日間自然光線,車與車,0,2,機車,普通重型,機車,120.56996,22.615845
303,2022-09-18,21:29:00,屏東縣內埔鄉勝利路附近 / 屏東縣內埔鄉光明路,晴,夜間(或隧道、地下道、涵洞)有照明,車與車,0,1,機車,普通重型,機車,120.570242,22.61587
304,2022-09-21,15:12:00,屏東縣內埔鄉光明路471號前,晴,日間自然光線,車與車,0,1,機車,普通重型,機車,120.572772,22.61623
305,2022-09-26,22:49:40,屏東縣內埔鄉光明路651號前,晴,夜間(或隧道、地下道、涵洞)有照明,車與車,0,1,小客車,自用,汽車,120.567463,22.615308
306,2022-10-02,12:20:17,屏東縣內埔鄉光明路97號前,晴,日間自然光線,車與車,0,2,機車,普通重型,機車,120.574101,22.616352
307,2022-10-23,13:45:59,屏東縣內埔鄉光明路268號前,晴,日間自然光線,車與車,0,3,人,乘客,其他,120.56854,22.615749
308,2022-11-29,18:03:00,屏東縣內埔鄉光明路口 / 屏東縣內埔鄉中興路,晴,夜間(或隧道、地下道、涵洞)有照明,車與車,0,2,機車,普通重型,機車,120.57124,22.616042
309,2022-12-08,01:25:49,屏東縣內埔鄉光明路495號前,晴,日間自然光線,車與車,0,2,人,乘客,其他,120.571667,22.61602
310,2022-12-14,20:17:06,屏東縣內埔鄉內埔村光明路口 / 屏東縣內埔鄉內埔村勝利路口,陰,夜間(或隧道、地下道、涵洞)有照明,車與車,0,1,人,乘客,其他,120.570272,22.615884
311,2022-12-20,07:51:04,屏東縣內埔鄉光明路、興安街口,晴,日間自然光線,車與車,0,2,機車,普通重型,機車,120.573516,22.616381
312,2022-12-20,17:21:50,屏東縣內埔鄉內埔村光明路156號前0.0公尺,晴,日間自然光線,車與車,0,2,機車,普通重型,機車,120.572512,22.616261
313,2022-01-02,23:27:00,屏東縣內埔鄉學人路口 / 屏東縣內埔鄉四維路,晴,夜間(或隧道、地下道、涵洞)有照明,車與車,0,2,人,乘客,其他,120.557556,22.594841
314,2022-01-11,12:20:50,屏東縣內埔鄉學人路與學興路口,晴,日間自然光線,車與車,0,2,機車,普通重型,機車,120.56266,22.604778
315,2022-01-17,14:33:00,屏東縣內埔鄉和興村學人路706號前0.0公尺,陰,日間自然光線,車與車,0,2,機車,普通輕型,機車,120.564117,22.607495
316,2022-01-20,15:00:00,屏東縣內埔鄉學人路660巷前0.0公尺口,晴,日間自然光線,車與車,0,1,小客車,自用,汽車,120.563467,22.606331
317,2022-01-21,15:35:34,屏東縣內埔鄉學人路493號,晴,日間自然光線,車與車,0,1,機車,普通重型,機車,120.561984,22.603824
318,2022-02-08,14:43:40,屏東縣內埔鄉學人路143-1號,晴,日間自然光線,車與車,0,2,人,乘客,其他,120.558205,22.597041
319,2022-02-11,17:04:08,屏東縣內埔鄉學人路口 / 屏東縣內埔鄉忠英路口,晴,日間自然光線,車與車,0,1,小貨車(含客、貨兩用),自用,汽車,120.558888,22.597732
320,2022-02-11,18:11:54,屏東縣內埔鄉學人路620號前,晴,夜間(或隧道、地下道、涵洞)有照明,車與車,0,1,機車,普通重型,機車,120.563099,22.605423
321,2022-02-22,16:30:00,屏東縣內埔鄉屏光路與學人路口,晴,日間自然光線,汽(機)車本身,0,1,,,,120.561089,22.602646
322,2022-02-23,21:23:13,屏東縣內埔鄉學人路106號前,晴,夜間(或隧道、地下道、涵洞)有照明,車與車,0,1,機車,普通重型,機車,120.558283,22.596404
323,2022-02-26,08:43:37,屏東縣內埔鄉學人路655號,晴,日間自然光線,車與車,0,2,機車,普通重型,機車,120.563375,22.606568
324,2022-02-27,12:05:00,屏東縣內埔鄉學人路附近 / 屏東縣內埔鄉四維路,晴,日間自然光線,車與車,0,1,人,乘客,其他,120.557535,22.595277
325,2022-03-04,15:05:00,屏東縣內埔鄉和興村學人路732號前0.0公尺,晴,日間自然光線,車與車,0,1,小客車,自用,汽車,120.564471,22.608184
326,2022-03-06,21:25:24,屏東縣內埔鄉學人路埔興路,晴,夜間(或隧道、地下道、涵洞)有照明,車與車,0,1,小客車,自用,汽車,120.564748,22.60871
327,2022-03-12,20:15:00,屏東縣內埔鄉和興村學人路燦坤3C前,陰,夜間(或隧道、地下道、涵洞)有照明,車與車,0,1,小客車,自用,汽車,120.563692,22.606744
328,2022-03-25,13:26:36,屏東縣內埔鄉學人路與四維路口,晴,日間自然光線,車與車,0,1,機車,普通重型,機車,120.545768,22.552656
329,2022-03-25,16:22:00,屏東縣內埔鄉美和村學興路口 / 屏東縣內埔鄉美和村學人路附近,晴,日間自然光線,車與車,0,2,機車,普通重型,機車,120.562649,22.604837
330,2022-04-06,20:12:00,屏東縣內埔鄉和興村學人路408號新紅館餐廳前,陰,夜間(或隧道、地下道、涵洞)有照明,車與車,0,2,人,乘客,其他,120.561698,22.603095
331,2022-04-09,07:47:01,屏東縣內埔鄉學人路126號前0.0公尺附近,晴,日間自然光線,車與車,0,1,機車,普通重型,機車,120.558451,22.59697
332,2022-04-11,15:22:00,屏東縣內埔鄉美和村學人路88號前0.0公尺,陰,日間自然光線,車與車,0,1,小客車,自用,其他,120.557807,22.595719
333,2022-04-13,12:34:00,屏東縣內埔鄉學人路640-1號前,晴,日間自然光線,車與車,0,3,人,乘客,其他,120.563172,22.605767
334,2022-04-21,13:59:36,屏東縣內埔鄉學人路618巷11號,晴,日間自然光線,車與車,0,2,機車,普通重型,機車,120.56361,22.605279
335,2022-04-23,13:12:00,屏東縣內埔鄉學人路口 / 屏東縣內埔鄉四維路口,晴,日間自然光線,車與車,0,1,機車,普通重型,機車,120.557441,22.595165
336,2022-05-07,18:24:00,屏東縣內埔鄉美和村學人路口 / 屏東縣內埔鄉美和村四維路附近,晴,日間自然光線,車與車,0,4,人,乘客,其他,120.557382,22.59497
337,2022-05-13,17:27:00,屏東縣內埔鄉美和村學人路76號前0.0公尺附近,晴,日間自然光線,車與車,0,2,機車,普通重型,機車,120.557263,22.594682
338,2022-05-13,17:28:13,屏東縣內埔鄉學人路689號前,晴,日間自然光線,車與車,0,2,機車,普通重型,機車,120.5638,22.607185
339,2022-05-19,19:45:57,屏東縣內埔鄉學人路715號前,晴,夜間(或隧道、地下道、涵洞)有照明,車與車,0,1,機車,普通重型,機車,120.564091,22.607543
340,2022-05-23,20:52:10,屏東縣內埔鄉和興村學人路與學人路660巷口,陰,夜間(或隧道、地下道、涵洞)有照明,人與汽(機)車,0,2,人,行人,其他,120.56345,22.606362
341,2022-05-31,08:33:29,屏東縣內埔鄉內埔鄉學人路702巷64弄與學人路618巷45弄,晴,日間自然光線,車與車,0,1,機車,普通重型,機車,120.564075,22.605011
342,2022-06-25,10:48:41,屏東縣內埔鄉學人路與學人路618巷口,晴,日間自然光線,車與車,0,2,機車,普通重型,機車,120.56293,22.605395
343,2022-06-26,19:10:43,屏東縣內埔鄉學人路747號前,晴,夜間(或隧道、地下道、涵洞)有照明,汽(機)車本身,0,1,人,乘客,其他,120.564438,22.608479
344,2022-07-17,07:43:00,屏東縣內埔鄉學人路618巷51號,晴,日間自然光線,汽(機)車本身,0,1,機車,普通重型,其他,120.564076,22.604991
345,2022-07-17,19:20:11,屏東縣內埔鄉學人路256號前,晴,夜間(或隧道、地下道、涵洞)有照明,車與車,0,2,機車,普通重型,機車,120.560233,22.599904
346,2022-07-19,17:40:00,屏東縣內埔鄉美和村學人路口 / 屏東縣內埔鄉美和村學人路附近,晴,日間自然光線,車與車,0,2,機車,普通重型,機車,120.557944,22.596082
347,2022-08-03,15:48:00,屏東縣內埔鄉美和村學人路口 / 屏東縣內埔鄉美和村忠英路附近,晴,日間自然光線,車與車,0,1,機車,普通重型,機車,120.558846,22.597722
348,2022-08-17,19:31:47,屏東縣內埔鄉學人路與陽明路口,晴,夜間(或隧道、地下道、涵洞)有照明,汽(機)車本身,0,1,機車,普通重型,機車,120.56036,22.600732
349,2022-08-18,16:18:00,屏東縣內埔鄉學人路370號前,雨,日間自然光線,車與車,0,1,小貨車(含客、貨兩用),自用,汽車,120.561705,22.602902
350,2022-08-19,23:03:12,屏東縣內埔鄉學人路505號前,晴,夜間(或隧道、地下道、涵洞)有照明,車與車,0,1,小客車,自用,汽車,120.562038,22.60405
351,2022-08-28,12:45:00,屏東縣內埔鄉美和村學人路口 / 屏東縣內埔鄉美和村陽明路附近,雨,日間自然光線,車與車,0,1,機車,普通重型,機車,120.560015,22.599888
352,2022-09-02,07:26:00,屏東縣內埔鄉學人路623號,晴,日間自然光線,車與車,0,2,人,乘客,其他,120.563176,22.606171
353,2022-09-07,07:54:00,屏東縣內埔鄉學人路口 / 屏東縣內埔鄉四維路,晴,日間自然光線,車與車,0,1,人,乘客,其他,120.557441,22.595165
354,2022-09-09,16:22:00,屏東縣內埔鄉美和村學人路口 / 屏東縣內埔鄉美和村四維路附近,晴,日間自然光線,車與車,0,1,機車,普通重型,機車,120.557443,22.595146
355,2022-09-16,12:06:24,屏東縣內埔鄉學人路與四維路口,晴,日間自然光線,車與車,0,1,機車,普通重型,機車,120.55745,22.595078
356,2022-09-19,08:05:25,屏東縣內埔鄉學人路323號對面,晴,日間自然光線,車與車,0,1,機車,普通重型,機車,120.560342,22.600444
357,2022-10-11,11:55:00,屏東縣內埔鄉學人路口 / 屏東縣內埔鄉德美路,晴,日間自然光線,車與車,0,1,機車,普通重型,機車,120.562659,22.604806
358,2022-10-15,07:48:00,屏東縣內埔鄉學人路與永安路口,晴,日間自然光線,車與車,0,2,機車,普通重型,機車,120.557917,22.596251
359,2022-10-28,13:06:00,屏東縣內埔鄉學人路368號前,晴,日間自然光線,車與車,0,1,機車,普通重型,機車,120.561602,22.602926
360,2022-11-11,19:39:00,屏東縣內埔鄉學人路口 / 屏東縣內埔鄉學興路,晴,夜間(或隧道、地下道、涵洞)有照明,車與車,0,1,機車,普通重型,機車,120.562658,22.604745
361,2022-11-20,06:25:59,屏東縣內埔鄉美和村學人路83號前0.0公尺,晴,日間自然光線,車與車,0,1,小貨車(含客、貨兩用),自用,汽車,120.557443,22.595423
362,2022-11-30,22:27:00,屏東縣內埔鄉美和村台一線學人路往內埔方向車道,陰,夜間(或隧道、地下道、涵洞)有照明,車與車,0,2,慢車,腳踏自行車,其他,120.561303,22.602298
363,2022-12-29,16:53:35,屏東縣內埔鄉學人路505號前0.0公尺,晴,日間自然光線,車與車,0,2,機車,普通重型,機車,120.562134,22.603979
364,2022-12-31,19:41:00,屏東縣內埔鄉和興村學人路口 / 屏東縣內埔鄉和興村學人路660巷口附近,晴,日間自然光線,車與車,0,2,人,乘客,其他,120.563442,22.606348
365,2022-01-02,23:27:00,屏東縣內埔鄉學人路口 / 屏東縣內埔鄉四維路,晴,夜間(或隧道、地下道、涵洞)有照明,車與車,0,2,人,乘客,其他,120.557556,22.594841
366,2022-02-27,12:05:00,屏東縣內埔鄉學人路附近 / 屏東縣內埔鄉四維路,晴,日間自然光線,車與車,0,1,人,乘客,其他,120.557535,22.595277
367,2022-03-25,13:26:36,屏東縣內埔鄉學人路與四維路口,晴,日間自然光線,車與車,0,1,機車,普通重型,機車,120.545768,22.552656
368,2022-04-23,13:12:00,屏東縣內埔鄉學人路口 / 屏東縣內埔鄉四維路口,晴,日間自然光線,車與車,0,1,機車,普通重型,機車,120.557441,22.595165
369,2022-05-07,18:24:00,屏東縣內埔鄉美和村學人路口 / 屏東縣內埔鄉美和村四維路附近,晴,日間自然光線,車與車,0,4,人,乘客,其他,120.557382,22.59497
370,2022-09-07,07:54:00,屏東縣內埔鄉學人路口 / 屏東縣內埔鄉四維路,晴,日間自然光線,車與車,0,1,人,乘客,其他,120.557441,22.595165
371,2022-09-09,16:22:00,屏東縣內埔鄉美和村學人路口 / 屏東縣內埔鄉美和村四維路附近,晴,日間自然光線,車與車,0,1,機車,普通重型,機車,120.557443,22.595146
372,2022-09-16,12:06:24,屏東縣內埔鄉學人路與四維路口,晴,日間自然光線,車與車,0,1,機車,普通重型,機車,120.55745,22.595078
373,2022-01-02,23:27:00,屏東縣內埔鄉學人路口 / 屏東縣內埔鄉四維路,晴,夜間(或隧道、地下道、涵洞)有照明,車與車,0,2,小客車,自用,汽車,120.557556,22.594841
374,2022-01-02,23:27:00,屏東縣內埔鄉學人路口 / 屏東縣內埔鄉四維路,晴,夜間(或隧道、地下道、涵洞)有照明,車與車,0,2,機車,普通重型,機車,120.557556,22.594841
375,2022-01-02,23:27:00,屏東縣內埔鄉學人路口 / 屏東縣內埔鄉四維路,晴,夜間(或隧道、地下道、涵洞)有照明,車與車,0,2,人,乘客,其他,120.557556,22.594841
376,2022-02-06,12:08:00,屏東縣內埔鄉美和村台一線與四維路口,晴,日間自然光線,車與車,0,1,機車,普通重型,機車,120.55744,22.595145
377,2022-02-06,12:08:00,屏東縣內埔鄉美和村台一線與四維路口,晴,日間自然光線,車與車,0,1,小客車,自用,汽車,120.55744,22.595145
378,2022-02-14,07:31:00,屏東縣內埔鄉四維路往內埔方向,晴,日間自然光線,車與車,0,1,機車,普通重型,其他,120.558169,22.592518
379,2022-02-27,12:05:00,屏東縣內埔鄉學人路附近 / 屏東縣內埔鄉四維路,晴,日間自然光線,車與車,0,1,機車,大型重型1(550C.C.以上),機車,120.557535,22.595277
380,2022-02-27,12:05:00,屏東縣內埔鄉學人路附近 / 屏東縣內埔鄉四維路,晴,日間自然光線,車與車,0,1,小客車,自用,汽車,120.557535,22.595277
381,2022-02-27,12:05:00,屏東縣內埔鄉學人路附近 / 屏東縣內埔鄉四維路,晴,日間自然光線,車與車,0,1,人,乘客,其他,120.557535,22.595277
382,2022-03-25,13:26:36,屏東縣內埔鄉學人路與四維路口,晴,日間自然光線,車與車,0,1,機車,普通重型,機車,120.545768,22.552656
383,2022-04-23,13:12:00,屏東縣內埔鄉學人路口 / 屏東縣內埔鄉四維路口,晴,日間自然光線,車與車,0,1,機車,普通重型,機車,120.557441,22.595165
384,2022-05-07,18:24:00,屏東縣內埔鄉美和村學人路口 / 屏東縣內埔鄉美和村四維路附近,晴,日間自然光線,車與車,0,4,人,乘客,其他,120.557382,22.59497
385,2022-06-04,07:25:00,屏東縣內埔鄉美和村四維路1-15號前,雨,日間自然光線,車與車,0,1,機車,普通重型,機車,120.560131,22.583648
386,2022-07-11,18:04:39,屏東縣內埔鄉四維路51號前,晴,日間自然光線,車與車,0,1,小客車,自用,汽車,120.559007,22.586519
387,2022-08-20,11:41:00,屏東縣內埔鄉美和村四維路170巷口,晴,日間自然光線,車與車,0,1,小客車,自用,汽車,120.558853,22.589125
388,2022-08-21,13:57:00,屏東縣內埔鄉台一線與四維路路口,晴,日間自然光線,車與車,0,1,機車,大型重型1(550C.C.以上),機車,120.557441,22.595165
389,2022-08-28,09:08:00,屏東縣內埔鄉四維路438巷口,晴,日間自然光線,汽(機)車本身,0,1,,,,120.561429,22.593088
390,2022-09-01,12:31:00,屏東縣內埔鄉四維路口 / 屏東縣內埔鄉四維路,晴,日間自然光線,車與車,0,1,機車,普通重型,機車,120.559211,22.587155
391,2022-09-07,07:54:00,屏東縣內埔鄉學人路口 / 屏東縣內埔鄉四維路,晴,日間自然光線,車與車,0,1,人,乘客,其他,120.557441,22.595165
392,2022-09-09,16:22:00,屏東縣內埔鄉美和村學人路口 / 屏東縣內埔鄉美和村四維路附近,晴,日間自然光線,車與車,0,1,機車,普通重型,機車,120.557443,22.595146
393,2022-09-10,10:36:10,屏東縣內埔鄉四維路13之1號前,晴,日間自然光線,車與車,0,1,小客車,自用,其他,120.559464,22.584152
394,2022-09-16,12:06:24,屏東縣內埔鄉學人路與四維路口,晴,日間自然光線,車與車,0,1,機車,普通重型,機車,120.55745,22.595078
395,2022-12-01,14:40:00,屏東縣內埔鄉美和村四維路口 / 屏東縣內埔鄉美和村四維路附近,晴,日間自然光線,汽(機)車本身,0,1,,,,120.559232,22.587156
396,2022-01-17,18:30:00,屏東縣內埔鄉屏光路北側 / 屏東縣內埔鄉復興路,晴,夜間(或隧道、地下道、涵洞)有照明,車與車,0,2,機車,普通重型,機車,120.559745,22.608298
397,2022-01-20,07:50:17,屏東縣內埔鄉復興路87巷8號前,晴,日間自然光線,車與車,0,1,小客車,自用,汽車,120.561745,22.606929
398,2022-02-07,07:47:24,屏東縣內埔鄉屏光路與復興路口,晴,日間自然光線,車與車,0,1,機車,普通重型,機車,120.559823,22.60832
399,2022-03-30,08:51:00,屏東縣內埔鄉內田村復興路往內埔方向,晴,日間自然光線,車與車,0,2,機車,普通重型,機車,120.556116,22.607309
400,2022-03-31,20:38:59,屏東縣內埔鄉復興路與埤頭巷口,晴,夜間(或隧道、地下道、涵洞)有照明,車與車,0,1,機車,普通重型,機車,120.55631,22.607382
401,2022-04-07,10:49:54,屏東縣內埔鄉屏光路與復興路口,晴,日間自然光線,車與車,0,1,機車,普通重型,機車,120.559745,22.608298
402,2022-04-07,14:45:08,屏東縣內埔鄉復興路與德美路口,雨,日間自然光線,人與汽(機)車,0,1,人,行人,其他,120.562358,22.608964
403,2022-04-20,01:05:00,屏東縣內埔鄉復興路口 / 屏東縣內埔鄉德修路,晴,夜間(或隧道、地下道、涵洞)有照明,車與車,0,4,,,,120.562358,22.60899
404,2022-04-24,13:03:10,屏東縣內埔鄉復興路178號前0.0公尺,晴,日間自然光線,車與車,0,1,機車,普通重型,機車,120.559353,22.608233
405,2022-04-26,17:03:00,屏東縣內埔鄉復興路口 / 屏東縣內埔鄉永光路,晴,日間自然光線,車與車,0,1,機車,普通重型,機車,120.562641,22.609009
406,2022-04-27,18:03:00,屏東縣內埔鄉內田村德修路口 / 屏東縣內埔鄉內田村復興路口,晴,日間自然光線,車與車,0,1,機車,普通重型,機車,120.562358,22.60899
407,2022-05-01,00:28:00,屏東縣內埔鄉屏光路與復興路路口,晴,夜間(或隧道、地下道、涵洞)有照明,車與車,0,1,小客車,自用,汽車,120.559745,22.608298
408,2022-05-01,05:46:25,屏東縣內埔鄉德美路口 / 屏東縣內埔鄉復興路口,晴,日間自然光線,車與車,0,1,機車,普通重型,機車,120.562377,22.608961
409,2022-07-18,17:41:00,屏東縣內埔鄉內田村永光路口 / 屏東縣內埔鄉內田村復興路附近,晴,日間自然光線,車與車,0,1,機車,普通重型,機車,120.562589,22.608999
410,2022-07-25,10:01:14,屏東縣內埔鄉屏光路與復興路口,晴,日間自然光線,車與車,0,2,人,乘客,其他,120.559745,22.608298
411,2022-08-21,08:32:58,屏東縣內埔鄉內田村復興路漫時光早餐店前,晴,日間自然光線,車與車,0,1,機車,普通重型,機車,120.562238,22.608981
412,2022-08-30,07:08:00,屏東縣內埔鄉內田村台一線屏光路與復興路口,晴,日間自然光線,車與車,0,1,機車,普通重型,機車,120.559857,22.608336
413,2022-09-15,16:08:24,屏東縣內埔鄉屏光路與復興路口,晴,日間自然光線,車與車,0,1,人,乘客,其他,120.559792,22.608303
414,2022-09-17,17:05:51,屏東縣內埔鄉復興路與復興路87巷口,晴,日間自然光線,車與車,0,1,小客車,自用,汽車,120.562,22.608908
415,2022-09-19,19:52:00,屏東縣內埔鄉廣濟路附近 / 屏東縣內埔鄉復興路,晴,夜間(或隧道、地下道、涵洞)有照明,人與汽(機)車,0,1,人,行人,其他,120.565742,22.61056
416,2022-09-23,13:33:00,屏東縣內埔鄉復興路口 / 屏東縣內埔鄉復興路,晴,日間自然光線,車與車,0,1,機車,普通重型,機車,120.561989,22.60882
417,2022-09-25,21:05:39,屏東縣內埔鄉復興路與屏光路口,晴,夜間(或隧道、地下道、涵洞)有照明,車與車,0,2,人,乘客,其他,120.559745,22.608298
418,2022-10-14,08:11:56,屏東縣內埔鄉屏光路與復興路口,晴,日間自然光線,車與車,0,1,小客車,自用,汽車,120.559745,22.608298
419,2022-10-28,07:47:00,屏東縣內埔鄉復興路326之1號前,晴,日間自然光線,車與車,0,2,機車,普通重型,機車,120.548346,22.605141
420,2022-11-06,10:17:46,屏東縣內埔鄉復興路91號,晴,日間自然光線,車與車,0,2,機車,普通重型,機車,120.561693,22.608681
421,2022-12-12,15:51:58,屏東縣內埔鄉屏光路與復興路口,晴,日間自然光線,車與車,0,1,小貨車(含客、貨兩用),自用,其他,120.558854,22.612406
422,2022-12-20,16:48:00,屏東縣內埔鄉復興路87巷77號旁,晴,日間自然光線,車與車,0,1,機車,普通重型,機車,120.560174,22.604539
423,2022-12-27,18:11:00,屏東縣內埔鄉屏光路與復興路口,晴,夜間(或隧道、地下道、涵洞)有照明,車與車,0,1,機車,普通重型,機車,120.55968,22.608277
424,2022-01-04,23:49:18,屏東縣內埔鄉屏光路399號前,晴,夜間(或隧道、地下道、涵洞)有照明,汽(機)車本身,0,1,,,,120.557732,22.616283
425,2022-01-21,18:30:18,屏東縣內埔鄉屏光路293號,晴,晨或暮光,汽(機)車本身,0,1,,,,120.558691,22.612144
426,2022-02-11,15:02:58,屏東縣內埔鄉屏光路口 / 屏東縣內埔鄉自立路口,晴,日間自然光線,車與車,0,1,機車,普通重型,機車,120.558904,22.612429
427,2022-02-15,07:52:00,屏東縣內埔鄉屏光路23號前,晴,日間自然光線,車與車,0,1,機車,普通重型,機車,120.560635,22.603815
428,2022-02-20,10:11:00,屏東縣內埔鄉東寧村台一線屏光路與自立路口,陰,日間自然光線,車與車,0,1,機車,普通重型,機車,120.558883,22.612394
429,2022-02-22,11:54:11,屏東縣內埔鄉屏光路口 / 屏東縣內埔鄉自立路口,晴,日間自然光線,車與車,0,1,機車,普通重型,機車,120.558877,22.612449
430,2022-02-25,08:21:00,屏東縣內埔鄉屏光路路與自立路口,晴,日間自然光線,車與車,0,1,小貨車(含客、貨兩用),自用,汽車,120.558759,22.612371
431,2022-03-05,10:07:30,屏東縣內埔鄉屏光路、埤頭巷口,晴,日間自然光線,車與車,0,2,機車,普通重型,機車,120.559285,22.61015
432,2022-03-09,13:43:00,屏東縣內埔鄉台一線屏光路往潮州方向,晴,日間自然光線,汽(機)車本身,0,1,,,,120.540194,22.545936
433,2022-03-20,11:26:36,屏東縣內埔鄉屏光路與四維路口,晴,日間自然光線,車與車,0,1,機車,普通重型,機車,120.545768,22.552656
434,2022-05-02,19:11:04,屏東縣內埔鄉屏光路32之2號,雨,夜間(或隧道、地下道、涵洞)有照明,人與汽(機)車,0,1,,,,120.560845,22.604602
435,2022-06-07,17:54:00,屏東縣內埔鄉內田村屏光路口 / 屏東縣內埔鄉內田村屏光路附近,雨,日間自然光線,車與車,0,2,小客車,自用,汽車,120.559427,22.610082
436,2022-07-08,07:35:46,屏東縣內埔鄉屏光路23號,晴,日間自然光線,車與車,0,2,人,乘客,其他,120.559489,22.60313
437,2022-08-11,08:08:08,屏東縣內埔鄉屏光路自強路,晴,日間自然光線,車與車,0,1,機車,普通重型,機車,120.557708,22.616668
438,2022-08-11,23:55:00,屏東縣內埔鄉屏光路399號旁,晴,夜間(或隧道、地下道、涵洞)無照明,車與車,0,1,小客車,自用,汽車,120.557881,22.615762
439,2022-08-22,12:33:00,屏東縣內埔鄉屏光路口 / 屏東縣內埔鄉自強路,晴,日間自然光線,車與車,0,1,機車,普通重型,機車,120.557708,22.616668
440,2022-08-25,14:39:33,屏東縣內埔鄉屏光路303號,晴,日間自然光線,人與汽(機)車,0,1,人,其他人,其他,120.55851,22.612705
441,2022-08-30,07:08:00,屏東縣內埔鄉內田村台一線屏光路與復興路口,晴,日間自然光線,車與車,0,1,機車,普通重型,機車,120.559857,22.608336
442,2022-09-25,21:05:39,屏東縣內埔鄉復興路與屏光路口,晴,夜間(或隧道、地下道、涵洞)有照明,車與車,0,2,人,乘客,其他,120.559745,22.608298
443,2022-10-09,11:43:00,屏東縣內埔鄉屏光路與自強路口,晴,日間自然光線,車與車,0,1,機車,普通重型,機車,120.557544,22.616661
444,2022-10-12,14:42:47,屏東縣內埔鄉屏光路23號,晴,日間自然光線,車與車,0,1,小客車,自用,汽車,120.559489,22.60313
445,2022-11-02,18:29:00,屏東縣內埔鄉內田村屏光路段北側,晴,日間自然光線,車與車,0,2,慢車,腳踏自行車,其他,120.5601,22.607317
446,2022-12-01,17:34:00,屏東縣內埔鄉美和村屏光路27-2號附近,晴,日間自然光線,車與車,0,1,機車,普通重型,機車,120.560922,22.604322
447,2022-12-23,13:06:02,屏東縣內埔鄉屏光路23號前,晴,日間自然光線,車與車,0,2,人,乘客,其他,120.560635,22.603815