id,occurred_at 112,occurred_time 112,location_text 112,weather 2,light_condition 2,accident_type 2,dead_count 112,injured_count 112,vehicle_1_type 2,vehicle_1_detail 2,vehicle_2_type 2,longitude112,latitude112
1,2023-01-03,19:49:00,屏東縣內埔鄉老埤村壽比路口 / 屏東縣內埔鄉老埤村科大路1段附近,晴,日間自然光線,車與車,0,1,機車,普通重型,其他,120.592911,22.630031
2,2023-01-06,06:49:38,屏東縣內埔鄉壽比路528號,晴,日間自然光線,車與車,0,2,小貨車(含客、貨兩用),自用,其他,120.596812,22.635888
3,2023-01-07,18:45:39,屏東縣內埔鄉壽比路655-1號前,晴,夜間(或隧道、地下道、涵洞)有照明,車與車,0,1,機車,普通重型,機車,120.595474,22.639359
4,2023-01-08,13:16:55,屏東縣內埔鄉壽比路627號前,晴,日間自然光線,車與車,0,3,人,乘客,其他,120.596159,22.637159
5,2023-01-14,23:25:52,屏東縣內埔鄉壽比路與福泰路口,晴,夜間(或隧道、地下道、涵洞)有照明,車與車,0,2,機車,普通重型,機車,120.594824,22.631628
6,2023-02-12,16:37:00,屏東縣內埔鄉壽比路126號,晴,日間自然光線,車與車,0,2,機車,普通重型,機車,120.594445,22.631144
7,2023-02-19,18:50:00,屏東縣內埔鄉老埤村壽比路205號附近,晴,夜間(或隧道、地下道、涵洞)有照明,汽(機)車本身,0,2,人,乘客,其他,120.595573,22.63212
8,2023-02-24,19:14:00,屏東縣內埔鄉學府路口 / 屏東縣內埔鄉壽比路附近,晴,夜間(或隧道、地下道、涵洞)有照明,車與車,0,2,機車,普通重型,其他,120.595503,22.640707
9,2023-02-25,11:56:00,屏東縣內埔鄉壽比路680號,晴,日間自然光線,車與車,0,1,小客車,自用,汽車,120.596144,22.63866
10,2023-03-02,18:14:52,屏東縣內埔鄉老埤村壽比路587號前0.0公尺,陰,夜間(或隧道、地下道、涵洞)無照明,車與車,0,2,機車,普通重型,機車,120.596355,22.636838
11,2023-03-03,13:09:00,屏東縣內埔鄉壽比路723號前0.0公尺,晴,日間自然光線,車與車,0,1,小客車,自用,其他,120.595281,22.639936
12,2023-03-13,06:29:12,屏東縣內埔鄉壽比路747號,晴,日間自然光線,車與車,0,1,機車,普通重型,機車,120.595341,22.640418
13,2023-03-14,12:15:00,屏東縣內埔鄉壽比路573-1號,晴,日間自然光線,車與車,0,2,機車,普通重型,機車,120.596438,22.636064
14,2023-03-16,15:40:39,屏東縣內埔鄉壽比路301號,晴,日間自然光線,車與車,0,1,人,乘客,其他,120.597189,22.632323
15,2023-03-16,15:55:00,屏東縣內埔鄉壽比路214號前0.0公尺,晴,日間自然光線,車與車,0,1,機車,普通重型,其他,120.595736,22.632095
16,2023-03-17,12:03:48,屏東縣內埔鄉壽比路746巷,晴,日間自然光線,車與車,0,2,機車,普通重型,機車,120.596841,22.640409
17,2023-03-21,14:24:42,屏東縣內埔鄉壽比路2-10號前,晴,日間自然光線,車與車,0,1,機車,普通重型,機車,120.591026,22.628353
18,2023-03-23,19:12:54,屏東縣內埔鄉老埤村壽比路泰安國小前,陰,夜間(或隧道、地下道、涵洞)有照明,車與車,0,1,人,乘客,其他,120.594105,22.630782
19,2023-03-28,10:49:53,屏東縣內埔鄉壽比路177號,晴,日間自然光線,車與車,0,1,小客車,自用,汽車,120.595036,22.631919
20,2023-03-30,17:56:23,屏東縣內埔鄉壽比路科大路,晴,日間自然光線,車與車,0,2,機車,普通重型,機車,120.596727,22.635803
21,2023-03-31,19:38:57,屏東縣內埔鄉老埤村壽比路577號前0.0公尺,陰,夜間(或隧道、地下道、涵洞)有照明,車與車,0,2,機車,普通重型,機車,120.596452,22.636375
22,2023-04-12,09:16:00,屏東縣內埔鄉老埤村壽比路700-1號前0.0公尺附近,晴,日間自然光線,車與車,0,2,機車,普通重型,機車,120.595779,22.638886
23,2023-04-12,18:50:46,屏東縣內埔鄉壽比路43號前,晴,夜間(或隧道、地下道、涵洞)有照明,車與車,0,1,機車,普通重型,機車,120.592418,22.62962
24,2023-04-16,19:32:57,屏東縣內埔鄉壽比路713號附近,晴,夜間(或隧道、地下道、涵洞)有照明,車與車,0,3,人,乘客,其他,120.595434,22.639491
25,2023-04-18,09:54:02,屏東縣內埔鄉老埤村壽比路與統嶺巷口,晴,日間自然光線,車與車,0,1,機車,普通重型,機車,120.597447,22.634247
26,2023-04-20,14:44:00,屏東縣內埔鄉壽比路226號前0.0公尺,晴,日間自然光線,車與車,0,1,小客車,自用,汽車,120.596062,22.632273
27,2023-04-26,12:22:00,屏東縣內埔鄉老埤村壽比路口 / 屏東縣內埔鄉老埤村壽比路附近,晴,日間自然光線,車與車,0,2,機車,普通重型,機車,120.596732,22.635793
28,2023-04-28,12:39:14,屏東縣內埔鄉壽比路705號前0.0公尺,晴,日間自然光線,車與車,0,3,人,乘客,其他,120.59561,22.639253
29,2023-04-28,22:52:00,屏東縣內埔鄉壽比路420號前0.0公尺,晴,夜間(或隧道、地下道、涵洞)有照明,車與車,0,1,小客車,自用,汽車,120.597985,22.633474
30,2023-05-02,12:18:47,屏東縣內埔鄉壽比路170號前,晴,日間自然光線,車與車,0,2,人,乘客,其他,120.595024,22.631662
31,2023-05-03,15:56:00,屏東縣內埔鄉壽比路與和成巷口,晴,日間自然光線,車與車,0,1,機車,普通重型,機車,120.596727,22.635803
32,2023-05-04,21:04:00,屏東縣內埔鄉壽比路口 / 屏東縣內埔鄉壽比路,晴,夜間(或隧道、地下道、涵洞)有照明,車與車,0,2,機車,普通重型,機車,120.594102,22.630787
33,2023-05-06,07:42:00,屏東縣內埔鄉老埤村壽比路116號附近,晴,日間自然光線,車與車,0,1,小客車,自用,汽車,120.593933,22.63086
34,2023-05-08,14:03:38,屏東縣內埔鄉壽比路628號前,晴,日間自然光線,車與車,0,1,小貨車(含客、貨兩用),自用,汽車,120.596243,22.637652
35,2023-05-08,14:19:00,屏東縣內埔鄉老埤村壽比路186號前0.0公尺附近,晴,日間自然光線,人與汽(機)車,0,1,人,行人,其他,120.59529,22.631936
36,2023-05-16,12:37:00,屏東縣內埔鄉壽比路723號前0.0公尺,晴,日間自然光線,車與車,0,2,機車,普通重型,機車,120.595483,22.639968
37,2023-05-18,09:50:00,屏東縣內埔鄉老埤村壽比路692-1號前0.0公尺附近,晴,日間自然光線,車與車,0,1,機車,普通重型,機車,120.595809,22.638819
38,2023-05-25,13:31:43,屏東縣內埔鄉壽比路口 / 屏東縣內埔鄉學府路口,晴,日間自然光線,車與車,0,2,機車,普通重型,機車,120.595473,22.640843
39,2023-05-25,19:30:00,屏東縣內埔鄉壽比路628號,晴,夜間(或隧道、地下道、涵洞)無照明,車與車,0,2,機車,普通重型,機車,120.596243,22.637652
40,2023-06-05,12:09:00,屏東縣內埔鄉壽比路口 / 屏東縣內埔鄉福泰路,晴,日間自然光線,車與車,0,1,機車,普通重型,機車,120.594847,22.631651
41,2023-06-06,10:17:15,屏東縣內埔鄉壽比路口 / 屏東縣內埔鄉壽比路,晴,日間自然光線,車與車,0,2,機車,普通重型,機車,120.597556,22.6325
42,2023-06-06,10:17:15,屏東縣內埔鄉壽比路口 / 屏東縣內埔鄉壽比路,晴,日間自然光線,車與車,0,2,機車,普通重型,機車,120.597556,22.6325
43,2023-06-06,12:08:00,屏東縣內埔鄉老埤村壽比路與統領巷,晴,日間自然光線,車與車,0,2,機車,普通重型,機車,120.597442,22.634274
44,2023-06-06,14:07:00,屏東縣內埔鄉壽比路附近 / 屏東縣內埔鄉通安路,晴,日間自然光線,汽(機)車本身,0,1,,,,120.59803,22.633146
45,2023-06-11,12:09:00,屏東縣內埔鄉中林路口 / 屏東縣內埔鄉壽比路附近,晴,日間自然光線,車與車,0,2,人,乘客,其他,120.595584,22.641539
46,2023-06-11,18:27:34,屏東縣內埔鄉老埤村壽比路200號前0.0公尺,陰,夜間(或隧道、地下道、涵洞)有照明,車與車,0,1,機車,普通重型,機車,120.595673,22.632087
47,2023-06-13,17:29:00,屏東縣內埔鄉老埤村壽比路587號前0.0公尺附近,晴,日間自然光線,車與車,0,1,機車,普通重型,其他,120.596377,22.636823
48,2023-06-18,08:21:52,屏東縣內埔鄉壽比路、和成巷口,晴,日間自然光線,車與車,0,1,機車,普通重型,機車,120.596783,22.635801
49,2023-06-18,08:42:00,屏東縣內埔鄉壽比路528號前0.0公尺,晴,日間自然光線,車與車,0,2,機車,普通重型,機車,120.596812,22.635888
50,2023-06-20,18:45:52,屏東縣內埔鄉壽比路739號,晴,夜間(或隧道、地下道、涵洞)有照明,車與車,0,1,機車,普通重型,機車,120.595327,22.640266
51,2023-06-23,11:00:32,屏東縣內埔鄉壽比路189巷口,晴,日間自然光線,車與車,0,1,機車,普通重型,機車,120.595288,22.631936
52,2023-06-25,11:48:24,屏東縣內埔鄉壽比路739號前,晴,日間自然光線,車與車,0,1,機車,普通重型,機車,120.595327,22.640266
53,2023-07-15,19:43:00,屏東縣內埔鄉壽比路655號前0.0公尺,晴,有照明且開啟,車與車,0,2,機車,普通重型,機車與自行車,120.595955,22.63816
54,2023-07-20,11:30:00,屏東縣內埔鄉壽比路311號前0.0公尺,晴,有照明未開啟或故障,車輛本身,0,1,,,,120.597515,22.63246
55,2023-07-22,08:12:00,屏東縣內埔鄉壽比路655號,晴,無照明,車與車,0,2,機車,普通重型,機車與自行車,120.595955,22.63816
56,2023-07-24,11:15:28,屏東縣內埔鄉老埤村壽比路279號前0.0公尺,晴,無照明,人與車,0,2,人,行人,其他,120.596711,22.632257
57,2023-08-03,10:26:07,屏東縣內埔鄉壽比路2之10號前,晴,無照明,車輛本身,0,1,,,,120.593208,22.629991
58,2023-08-10,19:56:00,屏東縣內埔鄉壽比路616-3號前0.0公尺,晴,有照明且開啟,車與車,0,1,機車,普通重型,機車與自行車,120.596375,22.637123
59,2023-08-13,18:34:00,屏東縣內埔鄉壽比路403號前0.0公尺,晴,無照明,車與車,0,1,機車,普通重型,機車與自行車,120.597899,22.633483
60,2023-08-29,12:04:21,屏東縣內埔鄉壽比路226號前0.0公尺,晴,無照明,車與車,0,1,小貨車(含客、貨兩用),自用,其他,120.595926,22.632211
61,2023-09-02,10:18:00,屏東縣內埔鄉壽比路651號,晴,有照明未開啟或故障,車與車,0,1,機車,普通重型,機車與自行車,120.595716,22.638861
62,2023-09-05,10:36:02,屏東縣內埔鄉學府路與壽比路口,晴,無照明,車與車,0,1,大客車,公營公車,汽車,120.595482,22.640785
63,2023-09-07,20:50:00,屏東縣內埔鄉壽比路口 / 屏東縣內埔鄉通安路附近,雨,有照明且開啟,車與車,0,2,人,乘客,其他,120.598037,22.633106
64,2023-09-09,19:40:54,屏東縣內埔鄉壽比路536號前,陰,有照明且開啟,車與車,0,2,機車,普通重型,機車與自行車,120.59671,22.636214
65,2023-09-10,17:10:00,屏東縣內埔鄉壽比路725號前0.0公尺,陰,有照明未開啟或故障,車與車,0,2,機車,普通重型,機車與自行車,120.595504,22.639909
66,2023-09-11,18:42:00,屏東縣內埔鄉壽比路651號附近,晴,有照明且開啟,車與車,0,2,機車,普通重型,機車與自行車,120.595759,22.638859
67,2023-09-13,07:06:20,屏東縣內埔鄉壽比路與南山路口,晴,無照明,車與車,0,1,機車,普通重型,機車與自行車,120.596727,22.635803
68,2023-09-14,13:24:00,屏東縣內埔鄉壽比路746巷22-1號前0.0公尺,晴,有照明未開啟或故障,車與車,0,2,機車,普通重型,機車與自行車,120.596449,22.64045
69,2023-09-17,14:17:10,屏東縣內埔鄉壽比路與南山路口,晴,無照明,車與車,0,1,機車,普通重型,機車與自行車,120.596727,22.635803
70,2023-09-18,13:06:44,屏東縣內埔鄉壽比路628-6號前,晴,無照明,車與車,0,3,人,乘客,其他,120.596397,22.637611
71,2023-09-25,05:17:00,屏東縣內埔鄉老埤村壽比路447號附近,晴,有照明且開啟,車輛本身,0,3,人,乘客,其他,120.597517,22.634124
72,2023-09-25,09:08:00,屏東縣內埔鄉壽比路241號,晴,有照明未開啟或故障,車與車,0,2,機車,普通重型,機車與自行車,120.596524,22.632279
73,2023-09-25,13:54:05,屏東縣內埔鄉壽比路738號,雨,有照明未開啟或故障,車與車,0,1,機車,普通重型,機車與自行車,120.595576,22.640105
74,2023-09-25,18:20:49,屏東縣內埔鄉壽比路745號,雨,有照明且開啟,車與車,0,2,機車,普通重型,機車與自行車,120.595493,22.640347
75,2023-09-25,20:20:21,屏東縣內埔鄉科大路、壽比路165巷口,陰,有照明且開啟,車與車,0,1,小客車(含客、貨兩用),自用,汽車,120.58904,22.633821
76,2023-09-26,12:09:50,屏東縣內埔鄉壽比路和成巷,晴,有照明未開啟或故障,車與車,0,2,機車,普通重型,機車與自行車,120.596727,22.635803
77,2023-09-27,12:10:00,屏東縣內埔鄉壽比路616號附近,晴,有照明且開啟,車與車,0,2,人,乘客,其他,120.596343,22.637072
78,2023-10-07,11:55:43,屏東縣內埔鄉壽比路359巷,晴,有照明未開啟或故障,車與車,0,4,人,乘客,其他,120.595859,22.63424
79,2023-10-11,13:15:02,屏東縣內埔鄉壽比路116號,晴,有照明未開啟或故障,車與車,0,1,機車,普通重型,機車與自行車,120.594091,22.63079
80,2023-10-17,17:36:00,屏東縣內埔鄉壽比路116號,晴,有照明且開啟,車與車,0,2,機車,普通重型,機車與自行車,120.593987,22.630865
81,2023-10-20,12:20:10,屏東縣內埔鄉壽比路627號前,晴,有照明未開啟或故障,車與車,0,1,機車,普通重型,機車與自行車,120.596159,22.637159
82,2023-10-23,08:20:30,屏東縣內埔鄉壽比路與南山路口,晴,有照明未開啟或故障,車與車,0,1,機車,普通重型,機車與自行車,120.597517,22.632385
83,2023-10-24,07:33:00,屏東縣內埔鄉老埤村壽比路口 / 屏東縣內埔鄉老埤村壽比路附近,晴,有照明未開啟或故障,人與車,0,2,人,行人,其他,120.597544,22.632442
84,2023-10-25,16:51:05,屏東縣內埔鄉老埤村壽比路165巷口,晴,無照明,車與車,0,1,人,乘客,其他,120.594862,22.631686
85,2023-10-27,12:00:39,屏東縣內埔鄉壽比路730號前0.0公尺,晴,有照明且開啟,車與車,0,2,機車,普通重型,機車與自行車,120.595585,22.639658
86,2023-11-02,11:56:00,屏東縣內埔鄉壽比路268號,晴,無照明,車與車,0,1,機車,普通重型,機車與自行車,120.596444,22.632221
87,2023-11-08,13:21:00,屏東縣內埔鄉壽比路625號前0.0公尺,晴,有照明且開啟,車與車,0,2,機車,普通重型,機車與自行車,120.596191,22.637113
88,2023-11-10,23:45:00,屏東縣內埔鄉壽比路628-2號前0.0公尺附近,晴,有照明且開啟,車輛本身,0,2,人,乘客,其他,120.596177,22.637638
89,2023-11-16,21:24:38,屏東縣內埔鄉壽比路627號前,晴,有照明且開啟,車與車,0,2,機車,普通重型,機車與自行車,120.596159,22.637159
90,2023-11-19,19:26:00,屏東縣內埔鄉壽比路749巷口,晴,有照明且開啟,人與車,0,2,人,行人,其他,120.595459,22.640544
91,2023-11-20,12:48:33,屏東縣內埔鄉壽比路405號前0.0公尺,晴,無照明,車與車,0,2,人,行人,其他,120.595901,22.638594
92,2023-11-20,17:09:10,屏東縣內埔鄉壽比路680號前0.0公尺,晴,無照明,車與車,0,2,機車,普通重型,機車與自行車,120.595908,22.638568
93,2023-11-22,12:02:00,屏東縣內埔鄉壽比路573號前0.0公尺,晴,有照明未開啟或故障,車與車,0,1,小貨車(含客、貨兩用),自用,汽車,120.596623,22.635984
94,2023-11-22,12:05:00,屏東縣內埔鄉壽比路573號前0.0公尺,晴,有照明未開啟或故障,車與車,0,2,機車,普通重型,機車與自行車,120.596634,22.635984
95,2023-11-22,12:35:25,屏東縣內埔鄉壽比路和成巷,晴,有照明未開啟或故障,車與車,0,2,機車,普通重型,機車與自行車,120.596727,22.635803
96,2023-11-23,12:11:18,屏東縣內埔鄉壽比路145號附近,晴,無照明,車與車,0,1,機車,普通重型,機車與自行車,120.594535,22.631547
97,2023-11-24,12:29:52,屏東縣內埔鄉壽比路713號,晴,有照明未開啟或故障,車與車,0,1,機車,普通重型,機車與自行車,120.595434,22.639491
98,2023-11-26,15:06:00,屏東縣內埔鄉壽比路口 / 屏東縣內埔鄉昌南路,晴,無照明,車與車,0,2,機車,普通重型,機車與自行車,120.596727,22.635803
99,2023-11-27,14:59:00,屏東縣內埔鄉老埤村壽比路688-1號前0.0公尺附近,晴,有照明且開啟,車與車,0,1,機車,普通重型,機車與自行車,120.595853,22.638625
100,2023-11-27,20:44:43,屏東縣內埔鄉壽比路學府路,晴,有照明且開啟,車與車,0,1,機車,普通重型,機車與自行車,120.595507,22.640884
101,2023-11-30,12:12:00,屏東縣內埔鄉壽比路與和成巷口,晴,有照明未開啟或故障,車與車,0,3,機車,普通重型,機車與自行車,120.596727,22.635803
102,2023-12-02,11:50:49,屏東縣內埔鄉老埤村壽比路與和成巷口,晴,無照明,車與車,0,1,機車,普通重型,機車與自行車,120.596727,22.635803
103,2023-12-04,12:16:00,屏東縣內埔鄉壽比路612號,晴,有照明未開啟或故障,車與車,0,2,機車,普通重型,機車與自行車,120.596504,22.637371
104,2023-12-07,11:29:43,屏東縣內埔鄉壽比路612號,晴,有照明未開啟或故障,車與車,0,1,機車,普通重型,機車與自行車,120.596504,22.637371
105,2023-12-08,17:28:00,屏東縣內埔鄉老埤村壽比路與和成巷,晴,有照明且開啟,車與車,0,2,機車,普通重型,機車與自行車,120.596721,22.635774
106,2023-12-09,18:12:00,屏東縣內埔鄉老埤村壽比路616-3號附近,晴,有照明且開啟,車與車,0,1,機車,普通輕型,機車與自行車,120.596362,22.637063
107,2023-12-10,22:09:12,屏東縣內埔鄉壽比路科大路,晴,有照明且開啟,車與車,0,1,機車,普通重型,機車與自行車,120.595817,22.642095
108,2023-12-11,00:08:00,屏東縣內埔鄉壽比路373號,晴,有照明且開啟,車輛本身,0,1,,,,120.597774,22.632804
109,2023-12-12,17:49:25,屏東縣內埔鄉壽比路、和成巷口,晴,有照明且開啟,車與車,0,3,機車,普通重型,機車與自行車,120.596732,22.635794
110,2023-12-13,13:26:10,屏東縣內埔鄉老埤村壽比路585號前0.0公尺,晴,無照明,人與車,0,2,機車,普通重型,機車與自行車,120.596486,22.636646
111,2023-12-19,21:23:00,屏東縣內埔鄉壽比路與和成巷口,雨,有照明未開啟或故障,車與車,0,2,機車,普通重型,機車與自行車,120.596727,22.635803
112,2023-12-26,11:50:03,屏東縣內埔鄉壽比路655-7號前0.0公尺,晴,無照明,車與車,0,2,機車,普通重型,機車與自行車,120.595674,22.639154
113,2023-12-28,14:36:18,屏東縣內埔鄉壽比路與福泰路口,晴,有照明未開啟或故障,車與車,0,1,機車,普通重型,機車與自行車,120.594839,22.631636
114,2023-01-17,12:34:00,屏東縣內埔鄉廣濟路口 / 屏東縣內埔鄉永光路附近,晴,日間自然光線,車與車,0,2,人,乘客,其他,120.564743,22.608698
115,2023-01-18,09:42:00,屏東縣內埔鄉廣濟路口 / 屏東縣內埔鄉仁和路口,晴,日間自然光線,車與車,0,1,小客車,自用,汽車,120.566471,22.61178
116,2023-01-23,01:43:42,屏東縣內埔鄉廣濟路仁和路,晴,夜間(或隧道、地下道、涵洞)有照明,車與車,0,1,小客車,自用,汽車,120.566428,22.611822
117,2023-01-23,16:46:00,屏東縣內埔鄉廣濟路口 / 屏東縣內埔鄉民生路附近,晴,日間自然光線,車與車,0,1,人,乘客,其他,120.5661,22.615678
118,2023-01-26,19:45:13,屏東縣內埔鄉內埔村廣濟路110號前0.0公尺,陰,夜間(或隧道、地下道、涵洞)有照明,車與車,0,1,人,乘客,其他,120.566435,22.61456
119,2023-02-19,11:37:00,屏東縣內埔鄉廣濟路167號前0.0公尺,晴,日間自然光線,車與車,0,1,小貨車(含客、貨兩用),自用,汽車,120.566653,22.612898
120,2023-03-01,14:07:38,屏東縣內埔鄉內埔村廣濟路口 / 屏東縣內埔鄉內埔村仁和路口,晴,日間自然光線,車與車,0,2,人,乘客,其他,120.566423,22.611774
121,2023-03-11,11:50:00,屏東縣內埔鄉光明路口 / 屏東縣內埔鄉廣濟路,晴,日間自然光線,車與車,0,1,小客車,自用,汽車,120.566286,22.615128
122,2023-03-11,11:53:30,屏東縣內埔鄉廣濟路75號前0.0公尺,晴,日間自然光線,車與車,0,2,人,乘客,其他,120.565849,22.610814
123,2023-03-15,11:12:32,屏東縣內埔鄉北寧路與廣濟路口,晴,日間自然光線,車與車,0,1,小貨車(含客、貨兩用),自用,汽車,120.565554,22.617501
124,2023-03-30,12:26:00,屏東縣內埔鄉廣濟路108號,晴,日間自然光線,車與車,0,3,人,乘客,其他,120.566652,22.614178
125,2023-04-16,17:25:00,屏東縣內埔鄉廣濟路口 / 屏東縣內埔鄉仁智路,晴,日間自然光線,車與車,0,1,機車,普通重型,機車,120.566065,22.61114
126,2023-04-17,15:28:33,屏東縣內埔鄉廣濟路60號前0.0公尺,晴,日間自然光線,車與車,0,1,機車,普通重型,機車,120.566676,22.613081
127,2023-04-18,16:49:43,屏東縣內埔鄉廣濟路口 / 屏東縣內埔鄉東陽街口,晴,日間自然光線,車與車,0,1,機車,普通重型,機車,120.566482,22.614316
128,2023-04-24,19:19:00,屏東縣內埔鄉廣濟路口 / 屏東縣內埔鄉復興路,雨,夜間(或隧道、地下道、涵洞)有照明,車與車,0,3,人,乘客,其他,120.566725,22.612711
129,2023-05-03,08:00:38,屏東縣內埔鄉廣濟路25號,晴,日間自然光線,車與車,0,2,人,乘客,其他,120.564903,22.609263
130,2023-05-04,10:16:48,屏東縣內埔鄉廣濟路213號,晴,日間自然光線,車與車,0,2,機車,普通重型,機車,120.566457,22.613705
131,2023-05-10,08:39:34,屏東縣內埔鄉廣濟路北寧路,晴,日間自然光線,車與車,0,1,機車,普通重型,機車,120.565554,22.617501
132,2023-05-30,18:11:00,屏東縣內埔鄉廣濟路口 / 屏東縣內埔鄉復興路,晴,日間自然光線,車與車,0,1,小客車,自用,其他,120.56567,22.610696
133,2023-05-31,21:12:52,屏東縣內埔鄉內埔村廣濟路圓環道路,陰,夜間(或隧道、地下道、涵洞)有照明,車與車,0,2,機車,普通重型,機車,120.566701,22.612417
134,2023-06-04,16:30:16,屏東縣內埔鄉廣濟路口 / 屏東縣內埔鄉北寧路口,晴,日間自然光線,車與車,0,3,人,乘客,其他,120.565533,22.617539
135,2023-06-07,23:34:01,屏東縣內埔鄉廣濟路209號前,晴,夜間(或隧道、地下道、涵洞)有照明,車與車,0,1,機車,普通重型,機車,120.566316,22.613773
136,2023-06-24,08:55:25,屏東縣內埔鄉廣濟路與仁和路口,晴,日間自然光線,車與車,0,1,機車,普通重型,機車,120.566725,22.612711
137,2023-06-24,19:20:00,屏東縣內埔鄉廣濟路口 / 屏東縣內埔鄉光明路,晴,夜間(或隧道、地下道、涵洞)有照明,車與車,0,1,機車,普通重型,機車,120.566286,22.615128
138,2023-06-30,08:37:58,屏東縣內埔鄉內埔村廣濟路圓環道路,陰,日間自然光線,車與車,0,1,機車,普通重型,機車,120.566739,22.612421
139,2023-07-10,08:36:00,屏東縣內埔鄉永光路口 / 屏東縣內埔鄉廣濟路,晴,有照明未開啟或故障,車與車,0,1,機車,普通重型,機車與自行車,120.564748,22.60871
140,2023-07-15,02:08:00,屏東縣內埔鄉廣濟路145號附近,晴,有照明且開啟,車輛本身,0,1,,,,120.566644,22.612451
141,2023-08-02,17:17:00,屏東縣內埔鄉北寧路口 / 屏東縣內埔鄉廣濟路,晴,無照明,車與車,0,1,小客車(含客、貨兩用),自用,汽車,120.565543,22.617426
142,2023-08-03,11:22:33,屏東縣內埔鄉廣濟路103號前,晴,無照明,車與車,0,1,機車,普通重型,機車與自行車,120.566136,22.611546
143,2023-08-14,10:28:35,屏東縣內埔鄉廣濟路255號前0.0公尺,晴,無照明,車與車,0,2,機車,普通重型,機車與自行車,120.566328,22.614783
144,2023-08-27,10:00:44,屏東縣內埔鄉廣濟路104號前0.0公尺,晴,無照明,車與車,0,2,機車,普通重型,機車與自行車,120.56656,22.613997
145,2023-08-31,14:52:00,屏東縣內埔鄉廣濟路343號前0.0公尺,陰,有照明且開啟,車與車,0,1,小貨車(含客、貨兩用),自用,其他,120.565617,22.616529
146,2023-09-09,10:15:16,屏東縣內埔鄉東寧村廣濟路與自強路口,陰,無照明,車與車,0,2,機車,普通重型,機車與自行車,120.565937,22.616261
147,2023-09-14,17:54:00,屏東縣內埔鄉廣濟路口 / 屏東縣內埔鄉仁智路,晴,有照明且開啟,車與車,0,1,慢車,腳踏自行車,機車與自行車,120.566065,22.61114
148,2023-09-16,16:12:00,屏東縣內埔鄉光明路口 / 屏東縣內埔鄉廣濟路附近,晴,有照明且開啟,車與車,0,1,機車,普通重型,機車與自行車,120.566272,22.61514
149,2023-09-28,08:10:30,屏東縣內埔鄉廣濟路與東陽街口,晴,有照明未開啟或故障,車與車,0,1,機車,普通重型,機車與自行車,120.566439,22.614359
150,2023-09-28,17:44:00,屏東縣內埔鄉仁和路口 / 屏東縣內埔鄉廣濟路附近,晴,有照明且開啟,車輛本身,0,1,,,,120.566479,22.611825
151,2023-09-29,11:15:51,屏東縣內埔鄉廣濟路160號前,晴,有照明未開啟或故障,車與車,0,1,機車,普通重型,機車與自行車,120.566779,22.6152
152,2023-09-29,19:29:00,屏東縣內埔鄉廣濟路口 / 屏東縣內埔鄉仁和路,晴,有照明且開啟,車與車,0,1,機車,普通重型,其他,120.566428,22.611822
153,2023-10-02,19:34:54,屏東縣內埔鄉廣濟路255號,晴,有照明且開啟,車與車,0,1,機車,普通重型,機車與自行車,120.566179,22.614732
154,2023-10-07,18:08:21,屏東縣內埔鄉內埔村廣濟路圓環道路,陰,有照明且開啟,車與車,0,1,機車,普通重型,機車與自行車,120.56682,22.612388
155,2023-10-24,16:06:00,屏東縣內埔鄉廣濟路口 / 屏東縣內埔鄉自強路附近,晴,有照明未開啟或故障,人與車,0,2,人,行人,其他,120.56591,22.616257
156,2023-10-27,18:11:43,屏東縣內埔鄉廣濟路口 / 屏東縣內埔鄉仁和路,晴,有照明且開啟,車與車,0,3,人,乘客,其他,120.566377,22.611792
157,2023-10-31,16:21:00,屏東縣內埔鄉廣濟路343號,晴,有照明且開啟,車輛本身,0,1,,,,120.565617,22.616529
158,2023-11-02,23:20:49,屏東縣內埔鄉內埔村廣濟路259號前0.0公尺,陰,有照明且開啟,車與車,0,1,小客車(含客、貨兩用),自用,汽車,120.566324,22.614781
159,2023-11-04,16:54:33,屏東縣內埔鄉廣濟路與仁智路口,晴,有照明未開啟或故障,車與車,0,2,機車,普通重型,機車與自行車,120.566115,22.611119
160,2023-11-24,19:33:43,屏東縣內埔鄉廣濟路42號前(內埔圓環),晴,有照明且開啟,車與車,0,1,機車,普通重型,機車與自行車,120.566816,22.612704
161,2023-12-08,16:57:12,屏東縣內埔鄉廣濟路169號前,晴,有照明未開啟或故障,車與車,0,2,機車,普通重型,機車與自行車,120.566599,22.613128
162,2023-12-11,12:02:00,屏東縣內埔鄉廣濟路143號前0.0公尺附近,晴,有照明未開啟或故障,車與車,0,1,機車,普通重型,機車與自行車,120.566643,22.612436
163,2023-12-12,19:55:52,屏東縣內埔鄉廣濟路自強路,晴,有照明且開啟,車與車,0,1,慢車,微型電動二輪車,機車與自行車,120.565927,22.616256
164,2023-12-15,11:33:00,屏東縣內埔鄉廣濟路口 / 屏東縣內埔鄉民生路,晴,有照明且開啟,車與車,0,2,機車,普通重型,機車與自行車,120.566111,22.615692
165,2023-12-19,17:41:36,屏東縣內埔鄉廣濟路廣田路,晴,有照明且開啟,車與車,0,2,機車,普通重型,機車與自行車,120.566111,22.615692
166,2023-12-22,12:30:00,屏東縣內埔鄉仁和路口 / 屏東縣內埔鄉廣濟路附近,晴,有照明未開啟或故障,車與車,0,1,小客車(含客、貨兩用),自用,汽車,120.56648,22.611778
167,2023-12-28,20:24:00,屏東縣內埔鄉仁智路附近 / 屏東縣內埔鄉廣濟路口,晴,有照明且開啟,車與車,0,2,機車,普通重型,機車與自行車,120.566087,22.611129
168,2023-01-04,16:39:00,屏東縣內埔鄉光明路口 / 屏東縣內埔鄉勝利路,晴,日間自然光線,車與車,0,2,機車,普通重型,機車,120.570164,22.615937
169,2023-01-05,08:28:34,屏東縣內埔鄉光明路495號前,晴,日間自然光線,車與車,0,1,機車,普通重型,其他,120.571667,22.61602
170,2023-01-09,16:31:14,屏東縣內埔鄉光明路與勝利路口,晴,日間自然光線,車與車,0,1,小客車,自用,汽車,120.570243,22.615874
171,2023-01-11,11:28:26,屏東縣內埔鄉內埔村光明路286之3號前0.0公尺,晴,日間自然光線,車與車,0,2,機車,普通重型,機車,120.567572,22.615419
172,2023-01-28,11:34:33,屏東縣內埔鄉光明路廣濟路,晴,日間自然光線,車與車,0,1,機車,普通重型,機車,120.566286,22.615128
173,2023-02-18,23:30:15,屏東縣內埔鄉勝利路與光明路口,晴,夜間(或隧道、地下道、涵洞)有照明,車與車,0,1,機車,普通重型,機車,120.570199,22.61586
174,2023-03-03,20:01:00,屏東縣內埔鄉光明路口 / 屏東縣內埔鄉中興路附近,晴,夜間(或隧道、地下道、涵洞)有照明,車與車,0,1,機車,普通重型,機車,120.571234,22.616037
175,2023-03-10,18:03:05,屏東縣內埔鄉光明路220號前,晴,夜間(或隧道、地下道、涵洞)有照明,車與車,0,2,機車,普通重型,機車,120.570403,22.616001
176,2023-03-15,10:28:54,屏東縣內埔鄉光明路292巷,晴,日間自然光線,車與車,0,1,機車,普通重型,機車,120.567671,22.616571
177,2023-03-16,15:56:51,屏東縣內埔鄉光明路10號,晴,日間自然光線,車與車,0,1,小客車,自用,汽車,120.576021,22.616959
178,2023-04-03,13:41:00,屏東縣內埔鄉內埔村光明路口 / 屏東縣內埔鄉內埔村光明路附近,晴,日間自然光線,車與車,0,3,人,乘客,其他,120.572942,22.616297
179,2023-04-06,07:34:00,屏東縣內埔鄉光明路口 / 屏東縣內埔鄉南華路,晴,日間自然光線,車與車,0,3,人,乘客,其他,120.575423,22.616649
180,2023-04-18,12:07:00,屏東縣內埔鄉光明路495號前0.0公尺,晴,日間自然光線,車與車,0,2,機車,普通重型,其他,120.571667,22.61602
181,2023-04-18,18:56:20,屏東縣內埔鄉內埔村光明路與南華路口,陰,夜間(或隧道、地下道、涵洞)有照明,車與車,0,1,機車,普通重型,機車,120.575424,22.616634
182,2023-04-26,20:08:00,屏東縣內埔鄉光明路615號前0.0公尺,晴,日間自然光線,車與車,0,3,人,乘客,其他,120.568205,22.615543
183,2023-05-01,21:24:00,屏東縣內埔鄉勝利路與光明路口,晴,夜間(或隧道、地下道、涵洞)有照明,車與車,0,1,,,,120.565977,22.619818
184,2023-05-02,12:29:24,屏東縣內埔鄉光明路489-1號,晴,日間自然光線,車與車,0,1,機車,普通重型,機車,120.571809,22.616043
185,2023-05-07,18:45:00,屏東縣內埔鄉光明路附近 / 屏東縣內埔鄉南華路,晴,夜間(或隧道、地下道、涵洞)有照明,車與車,0,2,機車,普通重型,機車,120.575423,22.616649
186,2023-05-31,09:59:00,屏東縣內埔鄉光明路216-1號,晴,日間自然光線,車與車,0,2,人,乘客,其他,120.570551,22.616043
187,2023-06-01,10:11:00,屏東縣內埔鄉光明路口 / 屏東縣內埔鄉光明路292巷口附近,晴,日間自然光線,車與車,0,2,機車,普通重型,機車,120.567531,22.615385
188,2023-06-09,12:02:51,屏東縣內埔鄉內埔村光明路與新光路口,雨,日間自然光線,車與車,0,1,機車,普通重型,機車,120.568445,22.615569
189,2023-07-04,13:24:33,屏東縣內埔鄉光明路與光明路689巷口,晴,無照明,車與車,0,2,機車,普通重型,機車與自行車,120.567027,22.615282
190,2023-07-30,17:02:44,屏東縣內埔鄉內埔村光明路292巷口附近,陰,無照明,車與車,0,1,機車,普通重型,機車與自行車,120.567447,22.61541
191,2023-08-21,20:04:45,屏東縣內埔鄉光明路口 / 屏東縣內埔鄉勝利路,晴,有照明且開啟,車與車,0,1,機車,普通重型,機車與自行車,120.570188,22.615847
192,2023-08-24,13:27:00,屏東縣內埔鄉光明路口 / 屏東縣內埔鄉勝利路附近,晴,有照明且開啟,車與車,0,2,人,乘客,其他,120.570218,22.615856
193,2023-09-28,16:27:00,屏東縣內埔鄉光明路口 / 屏東縣內埔鄉廣濟路附近,晴,有照明且開啟,車與車,0,2,機車,普通重型,機車與自行車,120.566296,22.615119
194,2023-10-10,18:16:16,屏東縣內埔鄉光明路與南華路口,晴,有照明且開啟,車與車,0,1,機車,普通重型,機車與自行車,120.575402,22.616603
195,2023-11-02,07:10:59,屏東縣內埔鄉光明路口 / 屏東縣內埔鄉光明路,晴,有照明且開啟,車與車,0,2,機車,普通重型,機車與自行車,120.567497,22.61542
196,2023-11-05,09:12:17,屏東縣內埔鄉光明路與光明路202巷口,晴,無照明,車與車,0,1,小客車(含客、貨兩用),自用,汽車,120.57124,22.616042
197,2023-11-17,11:39:00,屏東縣內埔鄉勝利路口 / 屏東縣內埔鄉光明路,晴,有照明且開啟,車與車,0,1,機車,普通重型,機車與自行車,120.570242,22.61587
198,2023-12-05,17:39:00,屏東縣內埔鄉光明路口 / 屏東縣內埔鄉光明路附近,晴,有照明且開啟,車與車,0,2,機車,普通重型,機車與自行車,120.572946,22.616277
199,2023-12-06,07:12:32,屏東縣內埔鄉光明路與光明路202巷口,晴,無照明,車與車,0,1,機車,普通重型,機車與自行車,120.57124,22.616042
200,2023-12-09,14:12:00,屏東縣內埔鄉光明路口 / 屏東縣內埔鄉勝利路附近,晴,有照明且開啟,車與車,0,2,機車,普通重型,機車與自行車,120.570236,22.615849
201,2023-12-10,18:51:29,屏東縣內埔鄉光明路264號前,晴,有照明且開啟,車與車,0,2,機車,普通重型,機車與自行車,120.56858,22.61571
202,2023-12-15,19:50:00,屏東縣內埔鄉光明路口 / 屏東縣內埔鄉光明路附近,晴,有照明且開啟,車與車,0,1,機車,普通重型,機車與自行車,120.567015,22.615254
203,2023-12-16,18:03:46,屏東縣內埔鄉光明路段(媽祖廟前),晴,有照明且開啟,車與車,0,1,機車,普通重型,機車與自行車,120.566478,22.615184
204,2023-12-17,21:32:00,屏東縣內埔鄉光明路口 / 屏東縣內埔鄉中興路附近,晴,有照明且開啟,車與車,0,1,機車,普通重型,機車與自行車,120.571239,22.616037
205,2023-12-19,23:21:39,屏東縣內埔鄉光明路口 / 屏東縣內埔鄉南華路,晴,有照明且開啟,車與車,0,1,機車,普通重型,機車與自行車,120.575427,22.616609
206,2023-12-24,09:04:45,屏東縣內埔鄉內埔村光明路164號前0.0公尺,晴,無照明,車與車,0,4,人,乘客,其他,120.572471,22.616254
207,2023-12-30,10:59:00,屏東縣內埔鄉中興路口 / 屏東縣內埔鄉光明路,晴,有照明未開啟或故障,車與車,0,2,機車,普通重型,機車與自行車,120.57124,22.616042
208,2023-06-12,12:37:00,屏東縣內埔鄉新生路口 / 屏東縣內埔鄉科大路二段附近,晴,日間自然光線,車與車,0,1,機車,普通重型,機車,120.573126,22.649158
209,2023-06-12,13:57:12,屏東縣內埔鄉大同路三段與科大路二段口,雨,日間自然光線,車與車,0,1,機車,普通重型,機車,120.579263,22.643246
210,2023-08-18,18:11:54,屏東縣內埔鄉科大路二段與產業道路,晴,無照明,車與車,0,1,機車,普通重型,機車與自行車,120.578315,22.644166
211,2023-09-28,17:58:10,屏東縣內埔鄉大同路三段與科大路二段口,晴,有照明且開啟,車與車,0,1,機車,普通重型,機車與自行車,120.579277,22.643352
212,2023-10-26,22:14:53,屏東縣內埔鄉科大路二段,晴,有照明且開啟,車與車,0,2,慢車,腳踏自行車,機車與自行車,120.575579,22.646825
213,2023-02-04,22:34:04,屏東縣內埔鄉新生路與大同路三段榮和巷口,晴,日間自然光線,車與車,0,3,人,乘客,其他,120.575783,22.651413
214,2023-10-27,21:05:00,屏東縣內埔鄉東勢村大同路三段2號前0.0公尺附近,晴,有照明且開啟,車與車,0,2,人,乘客,其他,120.57321,22.636399
215,2023-11-04,13:46:59,屏東縣內埔鄉大同路四段與大同路三段榮和巷口,晴,無照明,車與車,0,1,小貨車(含客、貨兩用),自用,汽車,120.582811,22.646778
216,2023-01-31,18:45:00,屏東縣內埔鄉老埤村中林路附近 / 屏東縣內埔鄉老埤村學府路口,晴,日間自然光線,車與車,0,3,人,乘客,其他,120.595478,22.640885
217,2023-03-15,01:03:00,屏東縣內埔鄉老埤村學府路18號附近,晴,日間自然光線,汽(機)車本身,0,2,人,乘客,其他,120.593783,22.640871
218,2023-06-12,22:12:00,屏東縣內埔鄉科大北路口 / 屏東縣內埔鄉學府路,雨,夜間(或隧道、地下道、涵洞)有照明,車與車,0,1,小客車,自用,其他,120.593145,22.640802
219,2023-08-24,10:49:00,屏東縣內埔鄉中林路口 / 屏東縣內埔鄉學府路,晴,有照明未開啟或故障,車與車,0,3,人,乘客,其他,120.595507,22.640884
220,2023-01-08,08:31:50,屏東縣內埔鄉南寧路與東寧路口,晴,日間自然光線,車與車,0,1,小貨車(含客、貨兩用),自用,其他,120.564541,22.618038
221,2023-01-13,16:28:12,屏東縣內埔鄉東寧村南寧路與康寧路口,晴,日間自然光線,車與車,0,2,機車,普通重型,機車,120.561228,22.62027
222,2023-01-19,09:23:55,屏東縣內埔鄉南寧路與勝利路口,晴,日間自然光線,車與車,0,1,小客車,自用,汽車,120.559636,22.621238
223,2023-01-26,19:31:59,屏東縣內埔鄉南寧路口 / 屏東縣內埔鄉勝利路,晴,夜間(或隧道、地下道、涵洞)有照明,車與車,0,1,小貨車(含客、貨兩用),自用,汽車,120.559738,22.621191
224,2023-02-11,05:54:30,屏東縣內埔鄉東寧村南寧路424號前0.0公尺,陰,晨或暮光,車與車,0,1,小客車,自用,汽車,120.55728,22.622797
225,2023-02-11,11:16:00,屏東縣內埔鄉東寧村南寧路422號前0.0公尺附近,晴,日間自然光線,車與車,0,1,機車,普通重型,機車,120.557552,22.622578
226,2023-02-21,15:48:00,屏東縣內埔鄉南寧路394號前0.0公尺,晴,日間自然光線,車與車,0,2,機車,普通重型,機車,120.558885,22.621722
227,2023-02-23,21:16:00,屏東縣內埔鄉東寧路口 / 屏東縣內埔鄉南寧路口,晴,夜間(或隧道、地下道、涵洞)有照明,車與車,0,1,機車,普通重型,機車,120.564636,22.618003
228,2023-02-24,21:30:14,屏東縣內埔鄉南寧路口 / 屏東縣內埔鄉東寧路口,晴,夜間(或隧道、地下道、涵洞)有照明,汽(機)車本身,0,2,人,乘客,其他,120.564566,22.617964
229,2023-03-06,16:30:00,屏東縣內埔鄉南寧路口 / 屏東縣內埔鄉綏平路,晴,日間自然光線,車與車,0,1,機車,普通重型,機車,120.562646,22.619226
230,2023-03-07,16:02:00,屏東縣內埔鄉南寧路口 / 屏東縣內埔鄉綏平路附近,晴,日間自然光線,車與車,0,2,機車,普通重型,機車,120.562732,22.619276
231,2023-03-10,16:41:02,屏東縣內埔鄉南寧路與平昌街口,晴,日間自然光線,車與車,0,2,機車,普通重型,機車,120.564545,22.618119
232,2023-03-21,12:56:27,屏東縣內埔鄉屏光路與南寧路口,晴,日間自然光線,車與車,0,1,小貨車(含客、貨兩用),自用,汽車,120.556567,22.622868
233,2023-04-04,16:54:00,屏東縣內埔鄉南寧路109號,晴,日間自然光線,車與車,0,2,機車,普通重型,機車,120.563583,22.618557
234,2023-04-05,10:29:00,屏東縣內埔鄉南寧路附近 / 屏東縣內埔鄉新唐路口,晴,日間自然光線,車與車,0,1,機車,普通重型,機車,120.555461,22.623822
235,2023-04-11,18:46:00,屏東縣內埔鄉南寧路88號前,晴,日間自然光線,人與汽(機)車,0,2,人,行人,其他,120.564413,22.618314
236,2023-04-17,07:16:29,屏東縣內埔鄉南寧路與勝利路口,晴,日間自然光線,車與車,0,1,小客車,自用,汽車,120.566394,22.619645
237,2023-04-17,11:15:20,屏東縣內埔鄉東寧村台一線南寧路485號,晴,日間自然光線,車與車,0,1,小客車,自用,汽車,120.555637,22.623715
238,2023-04-29,18:30:00,屏東縣內埔鄉南寧路口 / 屏東縣內埔鄉平昌街附近,晴,日間自然光線,車與車,0,2,人,乘客,其他,120.564615,22.618023
239,2023-05-24,15:14:49,屏東縣內埔鄉南寧路139號前0.0公尺,晴,日間自然光線,車與車,0,1,小貨車(含客、貨兩用),營業用,汽車,120.563233,22.618886
240,2023-05-29,11:10:00,屏東縣內埔鄉南寧路口 / 屏東縣內埔鄉平昌街,晴,日間自然光線,車與車,0,1,機車,普通重型,機車,120.564671,22.618102
241,2023-05-30,11:32:00,屏東縣內埔鄉南寧路口 / 屏東縣內埔鄉北寧路,晴,日間自然光線,車與車,0,1,機車,普通重型,機車,120.565554,22.617501
242,2023-06-03,15:59:40,屏東縣內埔鄉南寧路482號前0.0公尺,雨,日間自然光線,車與車,0,1,機車,普通重型,機車,120.555102,22.624305
243,2023-06-04,20:02:05,屏東縣內埔鄉南寧路163號,雨,夜間(或隧道、地下道、涵洞)有照明,汽(機)車本身,0,1,,,,120.562525,22.61928
244,2023-06-20,16:33:00,屏東縣內埔鄉南寧路口 / 屏東縣內埔鄉東寧路,晴,日間自然光線,車與車,0,1,機車,普通重型,機車,120.564676,22.617985
245,2023-08-02,19:11:22,屏東縣內埔鄉南寧路116-11號前0.0公尺,晴,有照明且開啟,人與車,0,2,機車,普通重型,機車與自行車,120.563697,22.618713
246,2023-08-26,10:44:00,屏東縣內埔鄉南寧路口 / 屏東縣內埔鄉勝利路,晴,有照明未開啟或故障,車與車,0,1,機車,普通重型,機車與自行車,120.559693,22.621164
247,2023-08-26,16:04:12,屏東縣內埔鄉東寧村南寧路378號前0.0公尺,雨,無照明,車與車,0,1,小客車(含客、貨兩用),自用,汽車,120.559068,22.62163
248,2023-08-29,14:54:00,屏東縣內埔鄉南寧路109號前0.0公尺,晴,有照明且開啟,人與車,0,2,人,行人,其他,120.563583,22.618557
249,2023-08-29,18:41:42,屏東縣內埔鄉東寧村南寧路與北寧路口,陰,有照明且開啟,車與車,0,1,機車,普通重型,機車與自行車,120.565584,22.617481
250,2023-09-23,12:08:49,屏東縣內埔鄉南寧路217號前,晴,無照明,車與車,0,1,小客車(含客、貨兩用),租賃車,汽車,120.561467,22.61996
251,2023-10-11,01:13:59,屏東縣內埔鄉屏光路口 / 屏東縣內埔鄉南寧路,晴,有照明且開啟,車與車,0,2,機車,普通重型,機車與自行車,120.556654,22.622895
252,2023-10-14,22:59:00,屏東縣內埔鄉南寧路248號附近,晴,有照明且開啟,車與車,0,1,小客車(含客、貨兩用),自用,汽車,120.56082,22.620526
253,2023-10-23,14:20:09,屏東縣內埔鄉南寧路6號前,晴,有照明未開啟或故障,車與車,0,2,機車,普通重型,機車與自行車,120.565763,22.616906
254,2023-11-22,18:21:35,屏東縣內埔鄉南寧路482號,晴,有照明且開啟,車與車,0,1,機車,普通重型,機車與自行車,120.555095,22.624385
255,2023-11-23,14:12:00,屏東縣內埔鄉南寧路附近 / 屏東縣內埔鄉信寧路,晴,有照明未開啟或故障,車與車,0,1,人,乘客,其他,120.562009,22.619744
256,2023-12-02,16:34:00,屏東縣內埔鄉南寧路23號前0.0公尺,晴,有照明且開啟,人與車,0,2,人,行人,其他,120.565528,22.617385
257,2023-12-08,14:08:00,屏東縣內埔鄉南寧路北側 / 屏東縣內埔鄉民生路附近,晴,有照明且開啟,車與車,0,1,慢車,腳踏自行車,機車與自行車,120.565771,22.61682
258,2023-12-09,18:05:00,屏東縣內埔鄉勝利路口 / 屏東縣內埔鄉南寧路,晴,有照明且開啟,車與車,0,1,小客車(含客、貨兩用),自用,其他,120.560232,22.620876
259,2023-12-11,10:57:17,屏東縣內埔鄉南寧路61號前,晴,無照明,車與車,0,2,人,乘客,其他,120.565005,22.617837
260,2023-12-26,09:34:00,屏東縣內埔鄉屏光路口 / 屏東縣內埔鄉南寧路,晴,有照明且開啟,車與車,0,2,機車,普通重型,機車與自行車,120.556547,22.62284
261,2023-12-27,16:48:58,屏東縣內埔鄉南寧路485號前0.0公尺附近,晴,無照明,車與車,0,1,慢車,電動輔助自行車,機車與自行車,120.554837,22.624218
262,2023-04-24,11:46:49,屏東縣內埔鄉平昌街1號前0.0公尺,晴,日間自然光線,車與車,0,1,機車,普通重型,機車,120.564821,22.618187
263,2023-09-10,19:47:27,屏東縣內埔鄉北寧路與平昌街口,晴,有照明且開啟,車與車,0,1,機車,普通重型,機車與自行車,120.56572,22.618286
264,2023-01-04,16:39:00,屏東縣內埔鄉光明路口 / 屏東縣內埔鄉勝利路,晴,日間自然光線,車與車,0,2,機車,普通重型,機車,120.570164,22.615937
265,2023-01-05,20:22:00,屏東縣內埔鄉勝利路口 / 屏東縣內埔鄉北寧路,晴,日間自然光線,車與車,0,1,機車,普通重型,機車,120.566011,22.619842
266,2023-01-14,08:45:22,屏東縣內埔鄉勝利路與北寧路口,晴,日間自然光線,車與車,0,2,機車,普通重型,機車,120.566637,22.619521
267,2023-01-15,09:46:28,屏東縣內埔鄉勝利路與民善路口,晴,日間自然光線,車與車,0,2,機車,普通重型,機車,120.565076,22.620269
268,2023-01-19,13:54:00,屏東縣內埔鄉勝利路口 / 屏東縣內埔鄉中寧路,晴,日間自然光線,車與車,0,2,機車,普通重型,機車,120.563773,22.620876
269,2023-01-25,11:45:00,屏東縣內埔鄉中寧路口 / 屏東縣內埔鄉勝利路附近,晴,日間自然光線,車與車,0,2,機車,普通重型,機車,120.563773,22.620876
270,2023-03-21,10:13:00,屏東縣內埔鄉勝利路65號附近,晴,日間自然光線,車與車,0,1,機車,普通重型,機車,120.568805,22.617441
271,2023-04-06,13:16:20,屏東縣內埔鄉東寧村勝利路與民生路口,晴,日間自然光線,車與車,0,1,小客車,自用,汽車,120.56823,22.618099
272,2023-04-23,15:28:00,屏東縣內埔鄉勝利路與東寧路口,晴,日間自然光線,車與車,0,1,機車,普通重型,機車,120.561205,22.616721
273,2023-05-01,21:24:00,屏東縣內埔鄉勝利路與光明路口,晴,夜間(或隧道、地下道、涵洞)有照明,車與車,0,1,,,,120.565977,22.619818
274,2023-06-13,07:54:23,屏東縣內埔鄉北寧路與勝利路口,晴,日間自然光線,車與車,0,1,機車,普通重型,其他,120.566474,22.619548
275,2023-07-09,16:03:35,屏東縣內埔鄉東寧村北寧路與勝利路口,晴,無照明,車與車,0,1,機車,普通重型,機車與自行車,120.566041,22.619862
276,2023-08-17,18:17:30,屏東縣內埔鄉東寧村勝利路540號前0.0公尺,晴,無照明,車與車,0,1,小客車(含客、貨兩用),自用,其他,120.561647,22.621874
277,2023-09-17,07:53:25,屏東縣內埔鄉勝利路與北寧路口,晴,有照明未開啟或故障,車與車,0,1,機車,普通重型,機車與自行車,120.565959,22.619825
278,2023-09-17,13:23:00,屏東縣內埔鄉北寧路口 / 屏東縣內埔鄉勝利路附近,晴,有照明且開啟,車與車,0,1,機車,普通重型,機車與自行車,120.566023,22.619869
279,2023-09-20,04:39:00,屏東縣內埔鄉勝利路180號,晴,有照明且開啟,車與車,0,1,,,,120.567156,22.619279
280,2023-11-10,06:06:00,屏東縣內埔鄉勝利路口 / 屏東縣內埔鄉北寧路附近,晴,有照明未開啟或故障,車與車,0,1,小客車(含客、貨兩用),自用,汽車,120.566015,22.619813
281,2023-11-20,17:27:32,屏東縣內埔鄉東寧村勝利路207號前路口,陰,有照明且開啟,車與車,0,1,機車,普通重型,機車與自行車,120.566625,22.619523
282,2023-12-14,07:31:05,屏東縣內埔鄉東寧村勝利路200號前0.0公尺,晴,無照明,車與車,0,2,機車,普通重型,機車與自行車,120.566699,22.619526
283,2023-12-20,17:24:19,屏東縣內埔鄉自強路與勝利路口,晴,有照明且開啟,車與車,0,1,機車,普通重型,機車與自行車,120.561272,22.616473
284,2023-01-05,08:28:34,屏東縣內埔鄉光明路495號前,晴,日間自然光線,車與車,0,1,機車,普通重型,其他,120.571667,22.61602
285,2023-01-11,11:28:26,屏東縣內埔鄉內埔村光明路286之3號前0.0公尺,晴,日間自然光線,車與車,0,2,機車,普通重型,機車,120.567572,22.615419
286,2023-01-28,11:34:33,屏東縣內埔鄉光明路廣濟路,晴,日間自然光線,車與車,0,1,機車,普通重型,機車,120.566286,22.615128
287,2023-02-18,23:30:15,屏東縣內埔鄉勝利路與光明路口,晴,夜間(或隧道、地下道、涵洞)有照明,車與車,0,1,機車,普通重型,機車,120.570199,22.61586
288,2023-03-03,20:01:00,屏東縣內埔鄉光明路口 / 屏東縣內埔鄉中興路附近,晴,夜間(或隧道、地下道、涵洞)有照明,車與車,0,1,機車,普通重型,機車,120.571234,22.616037
289,2023-03-10,18:03:05,屏東縣內埔鄉光明路220號前,晴,夜間(或隧道、地下道、涵洞)有照明,車與車,0,2,機車,普通重型,機車,120.570403,22.616001
290,2023-03-15,10:28:54,屏東縣內埔鄉光明路292巷,晴,日間自然光線,車與車,0,1,機車,普通重型,機車,120.567671,22.616571
291,2023-03-16,15:56:51,屏東縣內埔鄉光明路10號,晴,日間自然光線,車與車,0,1,小客車,自用,汽車,120.576021,22.616959
292,2023-04-03,13:41:00,屏東縣內埔鄉內埔村光明路口 / 屏東縣內埔鄉內埔村光明路附近,晴,日間自然光線,車與車,0,3,人,乘客,其他,120.572942,22.616297
293,2023-04-06,07:34:00,屏東縣內埔鄉光明路口 / 屏東縣內埔鄉南華路,晴,日間自然光線,車與車,0,3,人,乘客,其他,120.575423,22.616649
294,2023-04-18,12:07:00,屏東縣內埔鄉光明路495號前0.0公尺,晴,日間自然光線,車與車,0,2,機車,普通重型,其他,120.571667,22.61602
295,2023-04-18,18:56:20,屏東縣內埔鄉內埔村光明路與南華路口,陰,夜間(或隧道、地下道、涵洞)有照明,車與車,0,1,小客車,自用,汽車,120.575424,22.616634
296,2023-04-26,20:08:00,屏東縣內埔鄉光明路615號前0.0公尺,晴,日間自然光線,車與車,0,3,人,乘客,其他,120.568205,22.615543
297,2023-05-01,21:24:00,屏東縣內埔鄉勝利路與光明路口,晴,夜間(或隧道、地下道、涵洞)有照明,車與車,0,1,,,,120.565977,22.619818
298,2023-05-02,12:29:24,屏東縣內埔鄉光明路489-1號,晴,日間自然光線,車與車,0,1,機車,普通重型,機車,120.571809,22.616043
299,2023-05-07,18:45:00,屏東縣內埔鄉光明路附近 / 屏東縣內埔鄉南華路,晴,夜間(或隧道、地下道、涵洞)有照明,車與車,0,2,機車,普通重型,機車,120.575423,22.616649
300,2023-05-31,09:59:00,屏東縣內埔鄉光明路216-1號,晴,日間自然光線,車與車,0,2,人,乘客,其他,120.570551,22.616043
301,2023-06-01,10:11:00,屏東縣內埔鄉光明路口 / 屏東縣內埔鄉光明路292巷口附近,晴,日間自然光線,車與車,0,2,機車,普通重型,機車,120.567531,22.615385
302,2023-06-09,12:02:51,屏東縣內埔鄉內埔村光明路與新光路口,雨,日間自然光線,車與車,0,1,機車,普通重型,機車,120.568445,22.615569
303,2023-07-01,22:45:00,屏東縣內埔鄉光明路口 / 屏東縣內埔鄉新光路附近,晴,有照明且開啟,車與車,0,2,人,乘客,其他,120.568447,22.615549
304,2023-07-04,13:24:33,屏東縣內埔鄉光明路與光明路689巷口,晴,無照明,車與車,0,2,機車,普通重型,機車與自行車,120.567027,22.615282
305,2023-07-30,17:02:44,屏東縣內埔鄉內埔村光明路292巷口附近,陰,無照明,車與車,0,1,機車,普通重型,機車與自行車,120.567447,22.61541
306,2023-10-10,18:16:16,屏東縣內埔鄉光明路與南華路口,晴,有照明且開啟,車與車,0,1,機車,普通重型,機車與自行車,120.575402,22.616603
307,2023-11-05,09:12:17,屏東縣內埔鄉光明路與光明路202巷口,晴,無照明,車與車,0,1,小客車(含客、貨兩用),自用,汽車,120.57124,22.616042
308,2023-12-05,17:39:00,屏東縣內埔鄉光明路口 / 屏東縣內埔鄉光明路附近,晴,有照明且開啟,車與車,0,2,機車,普通重型,機車與自行車,120.572946,22.616277
309,2023-12-06,07:12:32,屏東縣內埔鄉光明路與光明路202巷口,晴,無照明,車與車,0,1,機車,普通重型,機車與自行車,120.57124,22.616042
310,2023-12-10,18:51:29,屏東縣內埔鄉光明路264號前,晴,有照明且開啟,車與車,0,2,機車,普通重型,機車與自行車,120.56858,22.61571
311,2023-12-15,19:50:00,屏東縣內埔鄉光明路口 / 屏東縣內埔鄉光明路附近,晴,有照明且開啟,車與車,0,1,機車,普通重型,機車與自行車,120.567015,22.615254
312,2023-12-16,18:03:46,屏東縣內埔鄉光明路段(媽祖廟前),晴,有照明且開啟,車與車,0,1,機車,普通重型,機車與自行車,120.566478,22.615184
313,2023-12-19,23:21:39,屏東縣內埔鄉光明路口 / 屏東縣內埔鄉南華路,晴,有照明且開啟,車與車,0,1,機車,普通重型,機車與自行車,120.575427,22.616609
314,2023-12-24,09:04:45,屏東縣內埔鄉內埔村光明路164號前0.0公尺,晴,無照明,車與車,0,4,人,乘客,其他,120.572471,22.616254
315,2023-12-30,10:59:00,屏東縣內埔鄉中興路口 / 屏東縣內埔鄉光明路,晴,有照明未開啟或故障,車與車,0,2,機車,普通重型,機車與自行車,120.57124,22.616042
316,2023-01-16,15:35:27,屏東縣內埔鄉學人路與四維路口,晴,日間自然光線,車與車,0,1,機車,普通重型,機車,120.557398,22.595101
317,2023-01-18,08:29:00,屏東縣內埔鄉學人路口 / 屏東縣內埔鄉四維路,晴,日間自然光線,車與車,0,1,小客車,自用,汽車,120.557398,22.595203
318,2023-01-18,21:27:04,屏東縣內埔鄉美和村台一線學人路美和高中對面北上車道,陰,夜間(或隧道、地下道、涵洞)有照明,車與車,0,1,機車,普通重型,機車,120.560424,22.600585
319,2023-01-20,07:31:00,屏東縣內埔鄉學人路82號前0.0公尺,晴,日間自然光線,汽(機)車本身,0,1,大貨車,營業用,汽車,120.557566,22.595268
320,2023-01-23,09:24:00,屏東縣內埔鄉學人路655號,晴,日間自然光線,車與車,0,1,機車,普通重型,機車,120.563375,22.606568
321,2023-01-25,14:21:00,屏東縣內埔鄉學人路口 / 屏東縣內埔鄉學人路附近,晴,日間自然光線,車與車,0,1,機車,普通重型,其他,120.564091,22.60753
322,2023-01-25,21:38:30,屏東縣內埔鄉學人路408號前0.0公尺,晴,夜間(或隧道、地下道、涵洞)有照明,車與車,0,1,機車,普通重型,機車,120.561683,22.603042
323,2023-02-04,13:42:54,屏東縣內埔鄉和興村學人路7-11超商前,晴,日間自然光線,車與車,0,1,小貨車(含客、貨兩用),自用,汽車,120.562602,22.604719
324,2023-02-20,11:20:00,屏東縣內埔鄉學人路口 / 屏東縣內埔鄉永光路附近,晴,日間自然光線,車與車,0,2,機車,普通重型,機車,120.564593,22.60879
325,2023-02-21,20:55:19,屏東縣內埔鄉美和村學人路143之1號前0.0公尺,陰,夜間(或隧道、地下道、涵洞)有照明,車與車,0,1,機車,普通重型,機車,120.558293,22.596955
326,2023-02-23,12:14:06,屏東縣內埔鄉學人路321號前,晴,日間自然光線,車與車,0,3,人,乘客,其他,120.559761,22.600023
327,2023-03-05,05:29:00,屏東縣內埔鄉美和村學人路323號前0.0公尺附近,晴,日間自然光線,汽(機)車本身,0,2,人,乘客,其他,120.560493,22.601038
328,2023-03-08,14:27:00,屏東縣內埔鄉學人路口 / 屏東縣內埔鄉忠英路附近,晴,日間自然光線,車與車,0,3,人,乘客,其他,120.558693,22.597754
329,2023-03-14,09:03:51,屏東縣內埔鄉美和村台一線學人路251號前,晴,日間自然光線,車與車,0,1,慢車,微型電動二輪車,其他,120.559299,22.598872
330,2023-03-16,16:35:52,屏東縣內埔鄉學人路永安路,晴,日間自然光線,車與車,0,1,機車,普通重型,機車,120.558005,22.596166
331,2023-03-21,13:48:00,屏東縣內埔鄉學人路712號前0.0公尺附近,晴,日間自然光線,車與車,0,2,機車,普通重型,機車,120.564279,22.607836
332,2023-03-21,15:59:00,屏東縣內埔鄉美和村學人路前0.0公尺附近,晴,日間自然光線,車與車,0,2,機車,普通重型,機車,120.56149,22.602638
333,2023-03-26,19:11:47,屏東縣內埔鄉學人路678號前0.0公尺,晴,夜間(或隧道、地下道、涵洞)有照明,人與汽(機)車,0,1,小客車,自用,汽車,120.563656,22.606762
334,2023-03-31,15:19:00,屏東縣內埔鄉學人路736號前0.0公尺,晴,日間自然光線,車與車,0,3,人,乘客,其他,120.564628,22.608158
335,2023-03-31,15:45:55,屏東縣內埔鄉學人路263號前,晴,日間自然光線,車與車,0,2,機車,普通重型,機車,120.559405,22.598985
336,2023-04-12,12:44:00,屏東縣內埔鄉學人路口 / 屏東縣內埔鄉學人路附近,晴,日間自然光線,車與車,0,1,機車,普通重型,機車,120.564065,22.60755
337,2023-04-22,14:26:37,屏東縣內埔鄉學人路541號前,晴,日間自然光線,車與車,0,3,機車,普通重型,機車,120.562429,22.604743
338,2023-04-23,11:54:40,屏東縣內埔鄉學人路四維路,晴,日間自然光線,車與車,0,2,人,乘客,其他,120.557441,22.595165
339,2023-04-28,17:01:23,屏東縣內埔鄉學人路口 / 屏東縣內埔鄉德美路,晴,日間自然光線,車與車,0,1,機車,普通重型,機車,120.56262,22.604836
340,2023-05-04,12:08:58,屏東縣內埔鄉學人路與四維路口,晴,日間自然光線,車與車,0,1,機車,普通重型,機車,120.56036,22.600732
341,2023-05-06,07:20:49,屏東縣內埔鄉和興村學人路543號前0.0公尺,晴,日間自然光線,車與車,0,1,機車,普通重型,機車,120.562574,22.604725
342,2023-05-13,22:26:00,屏東縣內埔鄉學人路口 / 屏東縣內埔鄉學興路,雨,夜間(或隧道、地下道、涵洞)有照明,車與車,0,2,人,乘客,其他,120.562629,22.604821
343,2023-05-15,14:14:00,屏東縣內埔鄉學人路口 / 屏東縣內埔鄉四維路,晴,日間自然光線,車與車,0,1,機車,普通重型,機車,120.557441,22.595165
344,2023-05-24,09:53:43,屏東縣內埔鄉美和村台一線學人路321之7號前,晴,日間自然光線,車與車,0,1,機車,普通重型,機車,120.559936,22.600008
345,2023-05-25,15:17:53,屏東縣內埔鄉美和村台一線與學人路250巷口,晴,日間自然光線,車與車,0,1,小客車,自用,汽車,120.560198,22.600139
346,2023-05-26,14:51:51,屏東縣內埔鄉學人路與茄苳路口,雨,日間自然光線,車與車,0,1,機車,普通重型,機車,120.564642,22.608501
347,2023-06-05,13:01:44,屏東縣內埔鄉和興村學人路402號前0.0公尺,晴,日間自然光線,車與車,0,1,機車,普通重型,機車,120.561801,22.60336
348,2023-06-19,09:04:09,屏東縣內埔鄉學人路德美路,晴,日間自然光線,車與車,0,1,慢車,腳踏自行車,其他,120.562663,22.604887
349,2023-06-23,21:39:40,屏東縣內埔鄉和興村美興路與學人路250巷口,陰,夜間(或隧道、地下道、涵洞)有照明,車與車,0,1,小客車,自用,汽車,120.564361,22.59958
350,2023-06-29,16:10:37,屏東縣內埔鄉學人路408號前0.0公尺,晴,日間自然光線,車與車,0,2,機車,普通重型,機車,120.561704,22.603087
351,2023-07-05,17:32:00,屏東縣內埔鄉學人路234號前0.0公尺附近,晴,有照明未開啟或故障,車與車,0,1,機車,普通重型,其他,120.559744,22.599308
352,2023-08-05,15:21:59,屏東縣內埔鄉學人路269號前,晴,有照明未開啟或故障,車與車,0,1,機車,普通重型,機車與自行車,120.559378,22.599392
353,2023-08-06,09:40:44,屏東縣內埔鄉學人路618巷與學興路130巷口,晴,有照明未開啟或故障,車與車,0,1,小客車(含客、貨兩用),自用,其他,120.565107,22.604495
354,2023-09-01,10:45:56,屏東縣內埔鄉學人路678之1號,晴,有照明未開啟或故障,車與車,0,1,慢車,腳踏自行車,機車與自行車,120.563886,22.606623
355,2023-09-12,07:39:00,屏東縣內埔鄉學人路口 / 屏東縣內埔鄉學人路附近,晴,有照明未開啟或故障,車與車,0,1,機車,普通重型,機車與自行車,120.564063,22.607533
356,2023-09-14,09:36:00,屏東縣內埔鄉學人路附近 / 屏東縣內埔鄉屏光路口,晴,有照明且開啟,車與車,0,1,慢車,腳踏自行車,機車與自行車,120.561102,22.602655
357,2023-10-03,06:57:14,屏東縣內埔鄉學興路學人路,晴,有照明未開啟或故障,車與車,0,2,機車,普通重型,機車與自行車,120.562629,22.604821
358,2023-10-06,14:30:32,屏東縣內埔鄉學人路710號,雨,有照明未開啟或故障,車與車,0,1,小客車(含客、貨兩用),自用,汽車,120.564347,22.607746
359,2023-10-13,17:52:00,屏東縣內埔鄉學人路234號(峨嵋川菜館停車場前),晴,有照明且開啟,車與車,0,2,人,乘客,其他,120.56002,22.599509
360,2023-10-21,09:33:00,屏東縣內埔鄉學人路口 / 屏東縣內埔鄉四維路,晴,有照明未開啟或故障,車與車,0,2,機車,普通重型,機車與自行車,120.557352,22.595037
361,2023-10-28,07:16:00,屏東縣內埔鄉學人路260號,晴,有照明且開啟,人與車,0,2,人,行人,其他,120.560222,22.6
362,2023-10-31,21:19:03,屏東縣內埔鄉美和村台一線與學人路口,陰,有照明且開啟,車與車,0,1,機車,普通重型,機車與自行車,120.561195,22.602669
363,2023-11-02,12:38:00,屏東縣內埔鄉學人路口 / 屏東縣內埔鄉學興路,晴,有照明未開啟或故障,車與車,0,1,小客車(含客、貨兩用),自用,汽車,120.562629,22.604821
364,2023-11-03,11:37:00,屏東縣內埔鄉學人路627號,晴,有照明且開啟,車與車,0,2,機車,普通重型,機車與自行車,120.563188,22.606182
365,2023-11-22,14:43:48,屏東縣內埔鄉學人路四維路,晴,有照明未開啟或故障,車與車,0,1,機車,普通重型,機車與自行車,120.557441,22.595165
366,2023-11-24,15:25:00,屏東縣內埔鄉學人路321號前0.0公尺,晴,有照明未開啟或故障,車與車,0,1,機車,普通重型,機車與自行車,120.559994,22.600023
367,2023-11-29,16:01:00,屏東縣內埔鄉學人路312號,晴,有照明未開啟或故障,車與車,0,1,機車,普通重型,機車與自行車,120.560657,22.601063
368,2023-12-04,18:00:40,屏東縣內埔鄉學人路323號,晴,有照明且開啟,車與車,0,3,機車,普通重型,機車與自行車,120.559953,22.600712
369,2023-12-13,13:14:00,屏東縣內埔鄉學人路751號前0.0公尺,晴,有照明且開啟,車與車,0,1,機車,普通重型,機車與自行車,120.564454,22.608468
370,2023-12-21,19:14:04,屏東縣內埔鄉和興村學人路392-1號前0.0公尺,陰,有照明且開啟,人與車,0,3,人,乘客,其他,120.561715,22.6031
371,2023-12-22,11:55:05,屏東縣內埔鄉學人路與學興路口,晴,有照明未開啟或故障,車與車,0,1,機車,普通重型,機車與自行車,120.562629,22.604828
372,2023-01-18,08:29:00,屏東縣內埔鄉學人路口 / 屏東縣內埔鄉四維路,晴,日間自然光線,車與車,0,1,小客車,自用,汽車,120.557398,22.595203
373,2023-04-30,16:11:58,屏東縣內埔鄉美和村台一線與四維路口,晴,日間自然光線,車與車,0,1,小客車,自用,汽車,120.557396,22.595301
374,2023-05-14,22:30:00,屏東縣內埔鄉台一線與四維路口,晴,夜間(或隧道、地下道、涵洞)有照明,人與汽(機)車,0,2,人,行人,其他,120.557357,22.59518
375,2023-05-20,20:48:07,屏東縣內埔鄉四維路八德路,晴,夜間(或隧道、地下道、涵洞)有照明,車與車,0,2,機車,普通重型,機車,120.559274,22.585541
376,2023-07-13,07:25:00,屏東縣內埔鄉四維路429巷前0.0公尺口,晴,有照明未開啟或故障,車與車,0,2,機車,普通重型,機車與自行車,120.558285,22.591557
377,2023-07-19,18:03:00,屏東縣內埔鄉美和村四維路口 / 屏東縣內埔鄉美和村四維路附近,晴,有照明未開啟或故障,車與車,0,1,機車,普通重型,機車與自行車,120.559536,22.58425
378,2023-10-07,11:17:15,屏東縣內埔鄉四維路507號前,晴,無照明,車與車,0,1,慢車,微型電動二輪車,機車與自行車,120.557479,22.594255
379,2023-10-09,11:32:19,屏東縣內埔鄉四維路11號前,晴,有照明未開啟或故障,車與車,0,1,機車,普通重型,機車與自行車,120.5595,22.584081
380,2023-10-26,13:04:34,屏東縣內埔鄉美和村台一線與四維路口,晴,無照明,車與車,0,1,機車,普通重型,機車與自行車,120.557441,22.595165
381,2023-04-20,09:27:50,屏東縣內埔鄉屏光路復興路,晴,日間自然光線,車與車,0,2,人,乘客,其他,120.559745,22.608298
382,2023-05-04,07:33:00,屏東縣內埔鄉復興路87號前0.0公尺,晴,日間自然光線,汽(機)車本身,0,2,人,乘客,其他,120.561601,22.606609
383,2023-05-05,20:35:06,屏東縣內埔鄉屏光路口 / 屏東縣內埔鄉復興路,晴,日間自然光線,車與車,0,2,人,乘客,其他,120.559815,22.608311
384,2023-05-24,16:41:15,屏東縣內埔鄉內田村台一線與復興路87巷口,晴,日間自然光線,車與車,0,2,機車,普通重型,機車,120.560638,22.605104
385,2023-06-05,07:46:00,屏東縣內埔鄉復興路口 / 屏東縣內埔鄉屏光路附近,晴,日間自然光線,車與車,0,2,人,乘客,其他,120.559026,22.608037
386,2023-06-07,17:31:00,屏東縣內埔鄉復興路145號前0.0公尺,晴,日間自然光線,車與車,0,1,機車,普通重型,機車,120.559773,22.608055
387,2023-06-17,10:32:00,屏東縣內埔鄉復興路87巷對面,晴,日間自然光線,車與車,0,1,機車,普通輕型,機車,120.561745,22.606929
388,2023-06-23,17:35:10,屏東縣內埔鄉永光路口 / 屏東縣內埔鄉復興路,晴,日間自然光線,車與車,0,1,小客車,自用,其他,120.562902,22.609042
389,2023-07-20,15:12:14,屏東縣內埔鄉屏光路與復興路口,雨,有照明未開啟或故障,車與車,0,2,人,乘客,其他,120.559792,22.608286
390,2023-07-31,17:17:36,屏東縣內埔鄉內田村復興路與德修路口,雨,無照明,車與車,0,1,機車,普通重型,其他,120.562428,22.608977
391,2023-08-03,07:57:03,屏東縣內埔鄉復興路145號前0.0公尺,晴,無照明,車與車,0,2,機車,普通重型,機車與自行車,120.559532,22.608282
392,2023-08-03,20:09:18,屏東縣內埔鄉復興路屏光路,晴,有照明且開啟,車與車,0,1,小客車(含客、貨兩用),自用,汽車,120.559745,22.608298
393,2023-08-15,14:03:18,屏東縣內埔鄉復興路屏光路,晴,有照明未開啟或故障,車與車,0,2,人,乘客,其他,120.559745,22.608298
394,2023-08-22,19:27:56,屏東縣內埔鄉內田村復興路與德修路口,陰,有照明且開啟,車與車,0,2,機車,普通重型,機車與自行車,120.562351,22.609079
395,2023-10-12,21:02:00,屏東縣內埔鄉屏光路口 / 屏東縣內埔鄉復興路,晴,有照明且開啟,車與車,0,1,機車,普通重型,機車與自行車,120.560641,22.605087
396,2023-10-20,07:47:26,屏東縣內埔鄉富豐路復興路,晴,有照明未開啟或故障,車與車,0,1,機車,普通重型,機車與自行車,120.545202,22.613655
397,2023-11-03,07:51:00,屏東縣內埔鄉復興路91號,晴,有照明且開啟,車與車,0,1,小客車(含客、貨兩用),自用,汽車,120.561693,22.608681
398,2023-11-18,09:48:37,屏東縣內埔鄉內田村復興路6之2號前0.0公尺,晴,無照明,車與車,0,3,人,乘客,其他,120.56548,22.610469
399,2023-11-22,12:51:14,屏東縣內埔鄉屏光路復興路,晴,有照明未開啟或故障,車與車,0,1,小客車(含客、貨兩用),自用,汽車,120.559745,22.608298
400,2023-11-23,09:52:16,屏東縣內埔鄉復興路2號前,晴,無照明,車與車,0,1,小客車(含客、貨兩用),自用,汽車,120.564839,22.611059
401,2023-12-06,07:38:34,屏東縣內埔鄉復興路90B37電桿,晴,有照明未開啟或故障,車與車,0,1,慢車,腳踏自行車,機車與自行車,120.559844,22.608324
402,2023-12-25,07:41:00,屏東縣內埔鄉屏光路與復興路87巷口,晴,有照明且開啟,車與車,0,1,機車,普通重型,機車與自行車,120.560561,22.604982
403,2023-12-28,17:49:00,屏東縣內埔鄉復興路159號,晴,有照明且開啟,車與車,0,2,機車,普通重型,機車與自行車,120.558862,22.608009
404,2023-02-09,15:29:14,屏東縣內埔鄉屏光路與自強路口,晴,日間自然光線,車與車,0,1,機車,普通重型,機車,120.557791,22.616645
405,2023-02-14,21:32:00,屏東縣內埔鄉屏光路291號附近,晴,日間自然光線,車與車,0,2,慢車,腳踏自行車,其他,120.558541,22.612113
406,2023-02-18,14:39:00,屏東縣內埔鄉屏光路口 / 屏東縣內埔鄉自強路附近,晴,日間自然光線,車與車,0,2,機車,普通重型,機車,120.557716,22.616678
407,2023-04-10,07:56:00,屏東縣內埔鄉屏光路與陽明路口,晴,日間自然光線,車與車,0,2,機車,普通重型,機車,120.560552,22.60495
408,2023-05-05,20:35:06,屏東縣內埔鄉屏光路口 / 屏東縣內埔鄉復興路,晴,日間自然光線,車與車,0,2,人,乘客,其他,120.559815,22.608311
409,2023-05-27,22:22:00,屏東縣內埔鄉屏光路與埤頭巷口,晴,夜間(或隧道、地下道、涵洞)有照明,車與車,0,1,小客車,自用,汽車,120.559305,22.610062
410,2023-05-28,09:29:00,屏東縣內埔鄉屏光路595號,晴,日間自然光線,汽(機)車本身,0,1,,,,120.557242,22.619199
411,2023-05-29,13:35:00,屏東縣內埔鄉屏光路與埤頭巷口附近,晴,日間自然光線,汽(機)車本身,0,1,,,,120.559464,22.609346
412,2023-07-10,00:30:00,屏東縣內埔鄉屏光路附近 / 屏東縣內埔鄉自強路,晴,無照明,車與車,0,2,機車,普通重型,機車與自行車,120.55778,22.616254
413,2023-08-01,17:34:00,屏東縣內埔鄉屏光路北上車道,晴,有照明且開啟,車與車,0,2,小貨車(含客、貨兩用),自用,汽車,120.558854,22.612406
414,2023-08-18,13:04:00,屏東縣內埔鄉自強路口 / 屏東縣內埔鄉屏光路附近,晴,有照明未開啟或故障,車與車,0,2,小客車(含客、貨兩用),自用,汽車,120.557723,22.616666
415,2023-09-14,09:36:00,屏東縣內埔鄉學人路附近 / 屏東縣內埔鄉屏光路口,晴,有照明且開啟,車與車,0,1,慢車,腳踏自行車,機車與自行車,120.561102,22.602655
416,2023-09-16,11:40:54,屏東縣內埔鄉東寧村台一線屏光路與自強路口南下車道,晴,無照明,車與車,0,2,人,乘客,其他,120.557728,22.616393
417,2023-09-16,17:36:31,屏東縣內埔鄉東寧村台一線屏光路293號前,陰,無照明,車與車,0,2,人,乘客,其他,120.558783,22.612148
418,2023-09-19,11:18:00,屏東縣內埔鄉屏光路與埤頭巷口,晴,有照明且開啟,車與車,0,2,,,,120.559295,22.610126
419,2023-10-01,19:11:25,屏東縣內埔鄉屏光路與自強路口,雨,有照明且開啟,車與車,0,2,人,乘客,其他,120.55776,22.616633
420,2023-10-22,19:01:27,屏東縣內埔鄉屏光路23號前,雨,有照明且開啟,車與車,0,1,機車,普通重型,其他,120.560872,22.60382
421,2023-12-09,18:02:00,屏東縣內埔鄉屏光路26-1號前0.0公尺附近,晴,有照明且開啟,車與車,0,2,人,乘客,其他,120.560863,22.604148
422,2023-12-19,16:42:00,屏東縣內埔鄉屏光路口 / 屏東縣內埔鄉陽明路,晴,有照明未開啟或故障,車與車,0,1,機車,普通重型,機車與自行車,120.560561,22.604982