id,occurred_at,location_text,dead_count,injured_count,vehicles,longitude,latitude
1137,2021-08-25 19:54:00+00,屏東縣內埔鄉科大路二段與新生路口,0,1,"[""自用小客車"",""普通重型機車""]",120.579835,22.617056
1138,2021-11-10 07:16:00+00,屏東縣內埔鄉科大路二段112號前,0,1,"[""自用小客車"",""普通重型機車""]",120.578012,22.644547
1139,2021-07-09 21:50:00+00,屏東縣內埔鄉老埤村壽比路口 / 屏東縣內埔鄉老埤村壽比路附近,0,1,"[""自用小客車"",""普通重型機車""]",120.597456,22.634205
1140,2021-07-09 21:50:00+00,屏東縣內埔鄉老埤村壽比路口 / 屏東縣內埔鄉老埤村壽比路附近,0,1,"[""自用小客車"",""普通重型機車""]",120.597456,22.634205
1141,2021-07-09 21:50:00+00,屏東縣內埔鄉老埤村壽比路口 / 屏東縣內埔鄉老埤村壽比路附近,0,1,"[""自用小客車"",""普通重型機車""]",120.597456,22.634205
1142,2021-07-09 21:50:00+00,屏東縣內埔鄉老埤村壽比路口 / 屏東縣內埔鄉老埤村壽比路附近,0,1,"[""自用小客車"",""普通重型機車""]",120.597456,22.634205
1143,2021-07-24 19:29:00+00,屏東縣內埔鄉壽比路742號前,0,2,"[""普通重型機車"",""普通重型機車""]",120.59556,22.640546
1144,2021-08-19 19:32:00+00,屏東縣內埔鄉壽比路420號前,0,1,"[""普通重型機車"",""自用小客車""]",120.597751,22.633986
1145,2021-08-29 12:41:00+00,屏東縣內埔鄉壽比路730-8號前0.0公尺,0,1,"[""自用小客車"",""普通重型機車""]",120.595512,22.639717
1146,2021-09-05 19:30:00+00,屏東縣內埔鄉壽比路統嶺巷,0,1,"[""普通重型機車"",""自用小客車""]",120.597447,22.634247
1147,2021-09-12 19:26:00+00,屏東縣內埔鄉老埤村壽比路與統嶺巷口,0,1,"[""普通重型機車"",""普通重型機車""]",120.59749,22.634231
1148,2021-09-13 09:30:00+00,屏東縣內埔鄉壽比路與通安路口,0,1,"[""普通重型機車""]",120.596727,22.635803
1149,2021-09-13 17:07:00+00,屏東縣內埔鄉老埤村壽比路371號附近,0,1,"[""自用小客車"",""普通重型機車""]",120.597671,22.632659
1150,2021-09-16 12:12:00+00,屏東縣內埔鄉壽比路688-1號對面,0,1,"[""自用小貨車(含客貨兩用)"",""普通重型機車"",""自用大貨車""]",120.595945,22.638797
1151,2021-09-26 16:39:00+00,屏東縣內埔鄉老埤村壽比路與福泰路口,0,2,"[""普通重型機車"",""普通重型機車""]",120.594834,22.631601
1152,2021-09-28 10:08:00+00,屏東縣內埔鄉壽比路18號前,0,1,"[""自用小貨車(含客貨兩用)"",""普通重型機車""]",120.5946,22.62945
1153,2021-09-29 08:53:00+00,屏東縣內埔鄉老埤村壽比路528號前0.0公尺,0,1,"[""普通重型機車"",""自用小客車""]",120.596697,22.635982
1154,2021-09-29 14:26:00+00,屏東縣內埔鄉老埤村壽比路682號前0.0公尺,0,2,"[""普通重型機車"",""普通重型機車""]",120.596037,22.638365
1155,2021-10-06 01:03:00+00,屏東縣內埔鄉壽比路577號前0.0公尺,0,2,"[""普通重型機車"",""普通重型機車""]",120.596452,22.636375
1156,2021-10-06 07:03:00+00,屏東縣內埔鄉老埤村壽比路348號前0.0公尺,0,2,"[""普通重型機車"",""普通重型機車""]",120.598,22.633251
1157,2021-10-06 12:03:00+00,屏東縣內埔鄉壽比路730之8號前,0,1,"[""普通重型機車"",""普通重型機車""]",120.595662,22.639672
1158,2021-10-06 21:03:00+00,屏東縣內埔鄉老埤村壽比路735之1號前0.0公尺,0,2,"[""普通重型機車"",""普通重型機車""]",120.595419,22.640198
1159,2021-10-08 10:15:00+00,屏東縣內埔鄉老埤村壽比路165巷90-1號附近,0,1,"[""普通重型機車"",""自用小客車""]",120.591534,22.633495
1160,2021-10-21 15:53:00+00,屏東縣內埔鄉壽比路與福泰路口,0,1,"[""自用小客車"",""普通重型機車""]",120.594803,22.631631
1161,2021-10-21 17:00:00+00,屏東縣內埔鄉壽比路口 / 屏東縣內埔鄉學府路,0,1,,120.595496,22.640671
1162,2021-10-21 19:46:00+00,屏東縣內埔鄉壽比路680號前,0,2,"[""普通重型機車"",""普通重型機車""]",120.595994,22.638582
1163,2021-10-23 18:26:00+00,屏東縣內埔鄉壽比路655號,0,1,"[""行人人"",""普通重型機車""]",120.595955,22.63816
1164,2021-10-23 21:02:00+00,屏東縣內埔鄉壽比路與通安路口,0,1,"[""自用小客車"",""普通重型機車""]",120.597968,22.633118
1165,2021-10-26 17:17:00+00,屏東縣內埔鄉老埤村壽比路616-3號前0.0公尺,0,2,"[""普通重型機車"",""普通重型機車""]",120.5963,22.637132
1166,2021-10-28 08:36:00+00,屏東縣內埔鄉壽比路514號前,0,2,"[""普通重型機車"",""普通重型機車""]",120.597031,22.635336
1167,2021-10-28 12:32:00+00,屏東縣內埔鄉壽比路628之1號前,0,1,"[""自用小客車"",""普通重型機車""]",120.596243,22.637652
1168,2021-10-29 06:17:00+00,屏東縣內埔鄉壽比路165巷90之1號前,0,1,"[""普通重型機車"",""自用小客車""]",120.591368,22.633615
1169,2021-10-29 07:52:00+00,屏東縣內埔鄉壽比路165巷90-1號前0.0公尺,0,1,"[""普通重型機車"",""自用小貨車(含客貨兩用)""]",120.590036,22.633896
1170,2021-11-01 17:50:00+00,屏東縣內埔鄉壽比路623號前,0,1,"[""普通重型機車""]",120.596298,22.637027
1171,2021-11-03 12:25:00+00,屏東縣內埔鄉壽比路719號前,0,1,"[""普通重型機車"",""普通重型機車""]",120.595437,22.639779
1172,2021-11-05 14:05:00+00,屏東縣內埔鄉老埤村壽比路688-1號前,0,2,"[""普通重型機車"",""普通重型機車"",""普通重型機車""]",120.595859,22.638773
1173,2021-11-05 18:33:00+00,屏東縣內埔鄉壽比路616號前0.0公尺,0,2,"[""行人人"",""普通重型機車""]",120.596312,22.637207
1174,2021-11-06 02:33:00+00,屏東縣內埔鄉壽比路165巷120號前,0,4,"[""普通重型機車"",""普通重型機車"",""乘客人"",""乘客人""]",120.594847,22.631651
1175,2021-11-10 10:27:00+00,屏東縣內埔鄉壽比路655之9號前,0,1,"[""普通重型機車""]",120.595955,22.63816
1176,2021-11-10 11:15:00+00,屏東縣內埔鄉壽比路學府路,0,1,"[""普通重型機車"",""自用小貨車(含客貨兩用)""]",120.595507,22.640884
1177,2021-11-11 08:00:00+00,屏東縣內埔鄉壽比路口 / 屏東縣內埔鄉學府路,0,2,"[""普通重型機車"",""普通重型機車""]",120.595507,22.640884
1178,2021-11-11 08:00:00+00,屏東縣內埔鄉壽比路口 / 屏東縣內埔鄉學府路,0,2,"[""普通重型機車"",""普通重型機車""]",120.595507,22.640884
1179,2021-11-18 15:03:00+00,屏東縣內埔鄉老埤村壽比路616-3號前,0,2,"[""普通重型機車"",""普通重型機車""]",120.596387,22.637094
1180,2021-11-19 12:12:00+00,屏東縣內埔鄉壽比路與壽比路359巷口,0,1,"[""自用小客車"",""普通重型機車""]",120.597541,22.63251
1181,2021-11-19 12:12:00+00,屏東縣內埔鄉壽比路與壽比路359巷口,0,1,"[""自用小客車"",""普通重型機車""]",120.597541,22.63251
1182,2021-11-19 12:37:00+00,屏東縣內埔鄉老埤村壽比路與和成巷口,0,2,"[""普通重型機車"",""普通重型機車""]",120.596736,22.635777
1183,2021-11-23 11:00:00+00,屏東縣內埔鄉壽比路1號前0.0公尺,0,3,"[""普通重型機車"",""普通重型機車"",""乘客人""]",120.596448,22.636621
1184,2021-11-25 11:50:00+00,屏東縣內埔鄉壽比路273號前,0,2,"[""普通重型機車"",""行人人"",""自用小客車""]",120.596631,22.63232
1185,2021-11-30 15:31:00+00,屏東縣內埔鄉老埤村壽比路與南山路口,0,2,"[""普通重型機車"",""普通重型機車""]",120.597552,22.632492
1186,2021-12-01 12:40:00+00,屏東縣內埔鄉老埤村壽比路655之8號前0.0公尺,0,3,"[""普通重型機車"",""行人人"",""乘客人""]",120.59599,22.638166
1187,2021-12-01 17:28:00+00,屏東縣內埔鄉老埤村壽比路655號前,0,1,"[""普通重型機車"",""普通重型機車""]",120.595987,22.638189
1188,2021-12-02 06:50:00+00,屏東縣內埔鄉老埤村壽比路口 / 屏東縣內埔鄉老埤村福泰路附近,0,1,"[""普通重型機車"",""自用小客車""]",120.594845,22.631635
1189,2021-12-02 06:50:00+00,屏東縣內埔鄉老埤村壽比路口 / 屏東縣內埔鄉老埤村福泰路附近,0,1,"[""普通重型機車"",""自用小客車""]",120.594845,22.631635
1190,2021-12-02 07:11:00+00,屏東縣內埔鄉壽比路359巷與壽比路口,0,1,"[""自用小客車"",""普通重型機車""]",120.59757,22.632477
1191,2021-12-02 07:11:00+00,屏東縣內埔鄉壽比路359巷與壽比路口,0,1,"[""自用小客車"",""普通重型機車""]",120.59757,22.632477
1192,2021-12-06 20:31:00+00,屏東縣內埔鄉老埤村壽比路259巷口,0,1,"[""普通重型機車""]",120.597572,22.632481
1193,2021-12-07 07:28:00+00,屏東縣內埔鄉東勢村科大路口 / 屏東縣內埔鄉東勢村壽比路附近,0,1,"[""普通重型機車"",""自用小貨車(含客貨兩用)""]",120.5891,22.633832
1194,2021-12-07 07:28:00+00,屏東縣內埔鄉東勢村科大路口 / 屏東縣內埔鄉東勢村壽比路附近,0,1,"[""普通重型機車"",""自用小貨車(含客貨兩用)""]",120.5891,22.633832
1195,2021-12-10 16:06:00+00,屏東縣內埔鄉壽比路749巷口,0,1,"[""自用小客車"",""普通重型機車""]",120.595408,22.640461
1196,2021-12-11 10:00:00+00,屏東縣內埔鄉壽比路附近 / 屏東縣內埔鄉壽比路,0,1,"[""自用小客車"",""普通重型機車""]",120.595541,22.640547
1197,2021-12-11 10:00:00+00,屏東縣內埔鄉壽比路附近 / 屏東縣內埔鄉壽比路,0,1,"[""自用小客車"",""普通重型機車""]",120.595541,22.640547
1198,2021-12-11 10:00:00+00,屏東縣內埔鄉壽比路附近 / 屏東縣內埔鄉壽比路,0,1,"[""自用小客車"",""普通重型機車""]",120.595541,22.640547
1199,2021-12-11 10:00:00+00,屏東縣內埔鄉壽比路附近 / 屏東縣內埔鄉壽比路,0,1,"[""自用小客車"",""普通重型機車""]",120.595541,22.640547
1200,2021-12-11 14:48:00+00,屏東縣內埔鄉科大路1段附近 / 屏東縣內埔鄉壽比路,0,1,"[""自用小客車"",""普通重型機車""]",120.593147,22.630176
1201,2021-12-11 14:48:00+00,屏東縣內埔鄉科大路1段附近 / 屏東縣內埔鄉壽比路,0,1,"[""自用小客車"",""普通重型機車""]",120.593147,22.630176
1202,2021-12-17 12:40:00+00,屏東縣內埔鄉壽比路655號,0,1,"[""普通重型機車"",""普通重型機車""]",120.596019,22.638036
1203,2021-12-20 20:56:00+00,屏東縣內埔鄉壽比路682號前0.0公尺,0,2,"[""普通重型機車"",""普通重型機車""]",120.596026,22.638301
1204,2021-12-21 08:12:00+00,屏東縣內埔鄉老埤村壽比路409號附近,0,1,"[""普通重型機車""]",120.597908,22.633599
1205,2021-12-21 10:35:00+00,屏東縣內埔鄉老埤村壽比路口 / 屏東縣內埔鄉老埤村壽比路附近,0,1,"[""自用小客車"",""普通重型機車"",""普通重型機車""]",120.595783,22.63219
1206,2021-12-21 10:35:00+00,屏東縣內埔鄉老埤村壽比路口 / 屏東縣內埔鄉老埤村壽比路附近,0,1,"[""自用小客車"",""普通重型機車"",""普通重型機車""]",120.595783,22.63219
1207,2021-12-21 10:35:00+00,屏東縣內埔鄉老埤村壽比路口 / 屏東縣內埔鄉老埤村壽比路附近,0,1,"[""自用小客車"",""普通重型機車"",""普通重型機車""]",120.595783,22.63219
1208,2021-12-21 10:35:00+00,屏東縣內埔鄉老埤村壽比路口 / 屏東縣內埔鄉老埤村壽比路附近,0,1,"[""自用小客車"",""普通重型機車"",""普通重型機車""]",120.595783,22.63219
1209,2021-12-22 10:04:00+00,屏東縣內埔鄉老埤村壽比路627號前,0,2,"[""普通重型機車"",""普通重型機車""]",120.596333,22.63709
1210,2021-12-23 17:45:00+00,屏東縣內埔鄉老埤村壽比路233號前,0,1,"[""普通重型機車"",""普通重型機車""]",120.596079,22.6366
1211,2021-12-24 18:00:00+00,屏東縣內埔鄉老埤村壽比路內埔牛肉麵前,0,2,"[""普通重型機車"",""普通重型機車""]",120.595554,22.639819
1212,2021-12-28 12:33:00+00,屏東縣內埔鄉壽比路528號前,0,1,"[""普通重型機車"",""普通重型機車"",""乘客人""]",120.596812,22.635888
1213,2021-11-19 12:37:00+00,屏東縣內埔鄉老埤村壽比路與和成巷口,0,2,"[""普通重型機車"",""普通重型機車""]",120.596736,22.635777
1214,2021-07-15 12:11:00+00,屏東縣內埔鄉內田村廣濟路口 / 屏東縣內埔鄉內田村福德路附近,0,1,"[""普通重型機車"",""自用小客車""]",120.565991,22.610927
1215,2021-07-15 12:11:00+00,屏東縣內埔鄉內田村廣濟路口 / 屏東縣內埔鄉內田村福德路附近,0,1,"[""普通重型機車"",""自用小客車""]",120.565991,22.610927
1216,2021-07-25 09:12:00+00,屏東縣內埔鄉廣濟路98號,0,1,"[""營業用小貨車(含客貨兩用)"",""普通重型機車""]",120.566586,22.613876
1217,2021-08-04 12:54:00+00,屏東縣內埔鄉廣濟路與自強路口,0,1,"[""自用小客車"",""普通重型機車"",""乘客人""]",120.566829,22.612005
1218,2021-08-08 15:14:00+00,屏東縣內埔鄉廣濟路圓環內側車道,0,1,"[""自用小客車"",""腳踏自行車慢車""]",120.566752,22.612388
1219,2021-08-29 16:50:00+00,屏東縣內埔鄉廣濟路口 / 屏東縣內埔鄉南寧路,0,1,"[""普通重型機車"",""普通重型機車""]",120.565559,22.617383
1220,2021-08-29 16:50:00+00,屏東縣內埔鄉廣濟路口 / 屏東縣內埔鄉南寧路,0,1,"[""普通重型機車"",""普通重型機車""]",120.565559,22.617383
1221,2021-09-05 17:39:00+00,屏東縣內埔鄉內埔村廣濟路309號前0.0公尺,0,2,"[""普通重型機車"",""普通重型機車""]",120.566005,22.615983
1222,2021-09-08 18:32:00+00,屏東縣內埔鄉廣濟路圓環內,0,1,"[""普通重型機車"",""自用小客車""]",120.566879,22.612404
1223,2021-09-11 17:29:00+00,屏東縣內埔鄉廣濟路廣田路,0,1,"[""自用小客車"",""普通重型機車""]",120.566111,22.615692
1224,2021-09-15 18:20:00+00,屏東縣內埔鄉廣濟路175號前,0,2,"[""腳踏自行車慢車"",""普通重型機車""]",120.566658,22.612841
1225,2021-09-15 21:00:00+00,屏東縣內埔鄉廣濟路口 / 屏東縣內埔鄉仁智路,0,1,"[""普通重型機車""]",120.56615,22.611084
1226,2021-09-15 21:00:00+00,屏東縣內埔鄉廣濟路口 / 屏東縣內埔鄉仁智路,0,1,"[""普通重型機車""]",120.56615,22.611084
1227,2021-09-16 18:48:00+00,屏東縣內埔鄉廣濟路175號前,0,2,"[""普通重型機車"",""普通重型機車""]",120.566669,22.61297
1228,2021-09-16 20:45:00+00,屏東縣內埔鄉廣濟路與廣田路口,0,1,"[""普通重型機車""]",120.566829,22.612005
1229,2021-10-01 07:35:00+00,屏東縣內埔鄉內田村廣濟路與光明路口,0,2,"[""普通重型機車"",""普通重型機車""]",120.566357,22.61514
1230,2021-10-04 17:05:00+00,屏東縣內埔鄉廣濟路178號前,0,2,"[""普通重型機車"",""普通重型機車""]",120.566038,22.616015
1231,2021-10-08 18:46:00+00,屏東縣內埔鄉廣濟路圓環內,0,1,"[""普通重型機車"",""自用小客車""]",120.566758,22.612385
1232,2021-10-08 19:31:00+00,屏東縣內埔鄉廣濟路口 / 屏東縣內埔鄉光明路,0,2,"[""普通重型機車"",""普通重型機車""]",120.567136,22.614235
1233,2021-10-08 19:31:00+00,屏東縣內埔鄉廣濟路口 / 屏東縣內埔鄉光明路,0,2,"[""普通重型機車"",""普通重型機車""]",120.567136,22.614235
1234,2021-10-11 11:36:00+00,屏東縣內埔鄉內埔村廣濟路口 / 屏東縣內埔鄉內埔村廣田路口,0,1,"[""普通重型機車"",""普通重型機車""]",120.566081,22.615696
1235,2021-10-11 11:36:00+00,屏東縣內埔鄉內埔村廣濟路口 / 屏東縣內埔鄉內埔村廣田路口,0,1,"[""普通重型機車"",""普通重型機車""]",120.566081,22.615696
1236,2021-10-19 10:19:00+00,屏東縣內埔鄉廣濟路261號前,0,1,"[""自用小貨車(含客貨兩用)"",""普通重型機車""]",120.566151,22.614921
1237,2021-10-21 15:40:00+00,屏東縣內埔鄉內埔村廣濟路口 / 屏東縣內埔鄉內埔村仁和路附近,0,1,"[""普通重型機車"",""普通重型機車""]",120.566424,22.611798
1238,2021-10-21 15:40:00+00,屏東縣內埔鄉內埔村廣濟路口 / 屏東縣內埔鄉內埔村仁和路附近,0,1,"[""普通重型機車"",""普通重型機車""]",120.566424,22.611798
1239,2021-10-27 10:54:00+00,屏東縣內埔鄉廣濟路49號前,0,2,"[""普通重型機車"",""腳踏自行車慢車""]",120.565363,22.610093
1240,2021-10-30 18:21:00+00,屏東縣內埔鄉內埔村廣濟路134號前0.0公尺,0,2,"[""普通重型機車"",""普通重型機車""]",120.566415,22.614611
1241,2021-11-02 13:05:00+00,屏東縣內埔鄉內田村廣濟路137號附近,0,2,"[""自用小客車"",""普通重型機車"",""乘客人""]",120.56658,22.612198
1242,2021-11-06 12:05:00+00,屏東縣內埔鄉廣濟路口 / 屏東縣內埔鄉廣田路,0,1,"[""普通重型機車"",""自用小客車""]",120.566111,22.615692
1243,2021-11-06 12:05:00+00,屏東縣內埔鄉廣濟路口 / 屏東縣內埔鄉廣田路,0,1,"[""普通重型機車"",""自用小客車""]",120.566111,22.615692
1244,2021-11-06 12:19:00+00,屏東縣內埔鄉內埔村廣濟路6號附近,0,1,"[""自用小客車"",""普通重型機車""]",120.566156,22.611213
1245,2021-11-09 10:41:00+00,屏東縣內埔鄉廣濟路143號前0.0公尺,0,1,"[""普通重型機車"",""普通重型機車""]",120.566614,22.61248
1246,2021-11-14 17:08:00+00,屏東縣內埔鄉廣濟路85號前,0,2,"[""普通重型機車"",""普通重型機車""]",120.565901,22.611167
1247,2021-12-20 17:10:00+00,屏東縣內埔鄉東寧村廣濟路口 / 屏東縣內埔鄉東寧村民生路附近,0,2,"[""普通重型機車"",""普通重型機車""]",120.565768,22.616797
1248,2021-12-20 17:10:00+00,屏東縣內埔鄉東寧村廣濟路口 / 屏東縣內埔鄉東寧村民生路附近,0,2,"[""普通重型機車"",""普通重型機車""]",120.565768,22.616797
1249,2021-12-02 08:45:00+00,屏東縣內埔鄉內埔村廣濟路30號前(圓環道路),0,2,"[""普通重型機車"",""普通重型機車"",""乘客人""]",120.566985,22.612661
1250,2021-07-15 12:11:00+00,屏東縣內埔鄉內田村廣濟路口 / 屏東縣內埔鄉內田村福德路附近,0,1,"[""普通重型機車"",""自用小客車""]",120.565991,22.610927
1251,2021-07-15 12:11:00+00,屏東縣內埔鄉內田村廣濟路口 / 屏東縣內埔鄉內田村福德路附近,0,1,"[""普通重型機車"",""自用小客車""]",120.565991,22.610927
1252,2021-07-25 09:12:00+00,屏東縣內埔鄉廣濟路98號,0,1,"[""營業用小貨車(含客貨兩用)"",""普通重型機車""]",120.566586,22.613876
1253,2021-08-04 12:54:00+00,屏東縣內埔鄉廣濟路與自強路口,0,1,"[""自用小客車"",""普通重型機車"",""乘客人""]",120.566829,22.612005
1254,2021-08-08 15:14:00+00,屏東縣內埔鄉廣濟路圓環內側車道,0,1,"[""自用小客車"",""腳踏自行車慢車""]",120.566752,22.612388
1255,2021-08-29 16:50:00+00,屏東縣內埔鄉廣濟路口 / 屏東縣內埔鄉南寧路,0,1,"[""普通重型機車"",""普通重型機車""]",120.565559,22.617383
1256,2021-08-29 16:50:00+00,屏東縣內埔鄉廣濟路口 / 屏東縣內埔鄉南寧路,0,1,"[""普通重型機車"",""普通重型機車""]",120.565559,22.617383
1257,2021-09-05 17:39:00+00,屏東縣內埔鄉內埔村廣濟路309號前0.0公尺,0,2,"[""普通重型機車"",""普通重型機車""]",120.566005,22.615983
1258,2021-09-08 18:32:00+00,屏東縣內埔鄉廣濟路圓環內,0,1,"[""普通重型機車"",""自用小客車""]",120.566879,22.612404
1259,2021-09-11 17:29:00+00,屏東縣內埔鄉廣濟路廣田路,0,1,"[""自用小客車"",""普通重型機車""]",120.566111,22.615692
1260,2021-09-15 18:20:00+00,屏東縣內埔鄉廣濟路175號前,0,2,"[""腳踏自行車慢車"",""普通重型機車""]",120.566658,22.612841
1261,2021-09-15 21:00:00+00,屏東縣內埔鄉廣濟路口 / 屏東縣內埔鄉仁智路,0,1,"[""普通重型機車""]",120.56615,22.611084
1262,2021-09-15 21:00:00+00,屏東縣內埔鄉廣濟路口 / 屏東縣內埔鄉仁智路,0,1,"[""普通重型機車""]",120.56615,22.611084
1263,2021-09-16 18:48:00+00,屏東縣內埔鄉廣濟路175號前,0,2,"[""普通重型機車"",""普通重型機車""]",120.566669,22.61297
1264,2021-09-16 20:45:00+00,屏東縣內埔鄉廣濟路與廣田路口,0,1,"[""普通重型機車""]",120.566829,22.612005
1265,2021-10-01 07:35:00+00,屏東縣內埔鄉內田村廣濟路與光明路口,0,2,"[""普通重型機車"",""普通重型機車""]",120.566357,22.61514
1266,2021-10-04 17:05:00+00,屏東縣內埔鄉廣濟路178號前,0,2,"[""普通重型機車"",""普通重型機車""]",120.566038,22.616015
1267,2021-10-08 18:46:00+00,屏東縣內埔鄉廣濟路圓環內,0,1,"[""普通重型機車"",""自用小客車""]",120.566758,22.612385
1268,2021-10-08 19:31:00+00,屏東縣內埔鄉廣濟路口 / 屏東縣內埔鄉光明路,0,2,"[""普通重型機車"",""普通重型機車""]",120.567136,22.614235
1269,2021-10-08 19:31:00+00,屏東縣內埔鄉廣濟路口 / 屏東縣內埔鄉光明路,0,2,"[""普通重型機車"",""普通重型機車""]",120.567136,22.614235
1270,2021-10-11 11:36:00+00,屏東縣內埔鄉內埔村廣濟路口 / 屏東縣內埔鄉內埔村廣田路口,0,1,"[""普通重型機車"",""普通重型機車""]",120.566081,22.615696
1271,2021-10-11 11:36:00+00,屏東縣內埔鄉內埔村廣濟路口 / 屏東縣內埔鄉內埔村廣田路口,0,1,"[""普通重型機車"",""普通重型機車""]",120.566081,22.615696
1272,2021-10-19 10:19:00+00,屏東縣內埔鄉廣濟路261號前,0,1,"[""自用小貨車(含客貨兩用)"",""普通重型機車""]",120.566151,22.614921
1273,2021-10-21 15:40:00+00,屏東縣內埔鄉內埔村廣濟路口 / 屏東縣內埔鄉內埔村仁和路附近,0,1,"[""普通重型機車"",""普通重型機車""]",120.566424,22.611798
1274,2021-10-21 15:40:00+00,屏東縣內埔鄉內埔村廣濟路口 / 屏東縣內埔鄉內埔村仁和路附近,0,1,"[""普通重型機車"",""普通重型機車""]",120.566424,22.611798
1275,2021-10-27 10:54:00+00,屏東縣內埔鄉廣濟路49號前,0,2,"[""普通重型機車"",""腳踏自行車慢車""]",120.565363,22.610093
1276,2021-10-30 18:21:00+00,屏東縣內埔鄉內埔村廣濟路134號前0.0公尺,0,2,"[""普通重型機車"",""普通重型機車""]",120.566415,22.614611
1277,2021-11-02 13:05:00+00,屏東縣內埔鄉內田村廣濟路137號附近,0,2,"[""自用小客車"",""普通重型機車"",""乘客人""]",120.56658,22.612198
1278,2021-11-06 12:05:00+00,屏東縣內埔鄉廣濟路口 / 屏東縣內埔鄉廣田路,0,1,"[""普通重型機車"",""自用小客車""]",120.566111,22.615692
1279,2021-11-06 12:05:00+00,屏東縣內埔鄉廣濟路口 / 屏東縣內埔鄉廣田路,0,1,"[""普通重型機車"",""自用小客車""]",120.566111,22.615692
1280,2021-11-06 12:19:00+00,屏東縣內埔鄉內埔村廣濟路6號附近,0,1,"[""自用小客車"",""普通重型機車""]",120.566156,22.611213
1281,2021-11-09 10:41:00+00,屏東縣內埔鄉廣濟路143號前0.0公尺,0,1,"[""普通重型機車"",""普通重型機車""]",120.566614,22.61248
1282,2021-11-14 17:08:00+00,屏東縣內埔鄉廣濟路85號前,0,2,"[""普通重型機車"",""普通重型機車""]",120.565901,22.611167
1283,2021-12-20 17:10:00+00,屏東縣內埔鄉東寧村廣濟路口 / 屏東縣內埔鄉東寧村民生路附近,0,2,"[""普通重型機車"",""普通重型機車""]",120.565768,22.616797
1284,2021-12-20 17:10:00+00,屏東縣內埔鄉東寧村廣濟路口 / 屏東縣內埔鄉東寧村民生路附近,0,2,"[""普通重型機車"",""普通重型機車""]",120.565768,22.616797
1285,2021-12-20 08:45:00+00,屏東縣內埔鄉內埔村廣濟路30號前(圓環道路),0,2,"[""普通重型機車"",""普通重型機車"",""乘客人""]",120.566985,22.612661
1286,2021-08-03 20:08:00+00,屏東縣內埔鄉內埔村勝利路口 / 屏東縣內埔鄉內埔村光明路附近,0,1,"[""自用小客車"",""普通重型機車""]",120.570239,22.615862
1287,2021-08-03 20:08:00+00,屏東縣內埔鄉內埔村勝利路口 / 屏東縣內埔鄉內埔村光明路附近,0,1,"[""自用小客車"",""普通重型機車""]",120.570239,22.615862
1288,2021-09-20 13:27:00+00,屏東縣內埔鄉光明路130號前0.0公尺,0,1,"[""公營客運大客車"",""電動自行車慢車"",""自用小貨車(含客貨兩用)"",""自用小客車""]",120.573218,22.616523
1289,2021-09-29 08:30:00+00,屏東縣內埔鄉光明路276號前0.0公尺,0,2,"[""普通重型機車"",""普通重型機車""]",120.568272,22.615624
1290,2021-10-01 07:35:00+00,屏東縣內埔鄉內田村廣濟路與光明路口,0,2,"[""普通重型機車"",""普通重型機車""]",120.566357,22.61514
1291,2021-10-05 17:50:00+00,屏東縣內埔鄉內埔村光明路541號前,0,1,"[""普通重型機車"",""自用小客車""]",120.569199,22.615669
1292,2021-10-07 18:00:00+00,屏東縣內埔鄉內埔村光明路286之1號前,0,1,"[""普通重型機車"",""普通重型機車""]",120.567933,22.615476
1293,2021-10-08 19:31:00+00,屏東縣內埔鄉廣濟路口 / 屏東縣內埔鄉光明路,0,2,"[""普通重型機車"",""普通重型機車""]",120.567136,22.614235
1294,2021-10-08 19:31:00+00,屏東縣內埔鄉廣濟路口 / 屏東縣內埔鄉光明路,0,2,"[""普通重型機車"",""普通重型機車""]",120.567136,22.614235
1295,2021-10-20 12:05:00+00,屏東縣內埔鄉光明路471號前,0,2,"[""普通重型機車"",""普通重型機車""]",120.572718,22.616177
1296,2021-10-24 09:21:00+00,屏東縣內埔鄉勝利路附近 / 屏東縣內埔鄉光明路,0,1,"[""普通重型機車"",""自用小客車""]",120.570242,22.61587
1297,2021-10-24 09:21:00+00,屏東縣內埔鄉勝利路附近 / 屏東縣內埔鄉光明路,0,1,"[""普通重型機車"",""自用小客車""]",120.570242,22.61587
1298,2021-10-26 18:46:00+00,屏東縣內埔鄉內埔村光明路與中興路口,0,2,"[""普通重型機車"",""普通重型機車""]",120.571251,22.615992
1299,2021-11-05 19:03:00+00,屏東縣內埔鄉內埔村光明路口 / 屏東縣內埔鄉內埔村中興路口,0,1,"[""電動輔助自行車慢車"",""自用小客車""]",120.571118,22.616002
1300,2021-11-05 19:03:00+00,屏東縣內埔鄉內埔村光明路口 / 屏東縣內埔鄉內埔村中興路口,0,1,"[""電動輔助自行車慢車"",""自用小客車""]",120.571118,22.616002
1301,2021-11-07 16:05:00+00,屏東縣內埔鄉內埔村中興路口 / 屏東縣內埔鄉內埔村光明路附近,0,1,"[""普通重型機車""]",120.57124,22.616042
1302,2021-11-07 16:05:00+00,屏東縣內埔鄉內埔村中興路口 / 屏東縣內埔鄉內埔村光明路附近,0,1,"[""普通重型機車""]",120.57124,22.616042
1303,2021-11-16 19:30:00+00,屏東縣內埔鄉光明路471號,0,2,"[""普通重型機車"",""普通重型機車""]",120.572718,22.616177
1304,2021-11-24 18:35:00+00,屏東縣內埔鄉勝利路與光明路口,0,1,"[""普通重型機車"",""普通重型機車""]",120.570251,22.615838
1305,2021-12-03 18:03:00+00,屏東縣內埔鄉光明路南華路,0,2,"[""自用小客車"",""普通重型機車"",""乘客人""]",120.575423,22.616649
1306,2021-12-08 08:11:00+00,屏東縣內埔鄉光明路505號前,0,1,"[""普通重型機車"",""自用小貨車(含客貨兩用)""]",120.571386,22.61597
1307,2021-12-16 21:24:00+00,屏東縣內埔鄉內埔村光明路口 / 屏東縣內埔鄉內埔村光明路口,0,1,"[""普通重型機車"",""自用小客車""]",120.567972,22.615493
1308,2021-12-16 21:24:00+00,屏東縣內埔鄉內埔村光明路口 / 屏東縣內埔鄉內埔村光明路口,0,1,"[""普通重型機車"",""自用小客車""]",120.567972,22.615493
1309,2021-12-16 21:24:00+00,屏東縣內埔鄉內埔村光明路口 / 屏東縣內埔鄉內埔村光明路口,0,1,"[""普通重型機車"",""自用小客車""]",120.567972,22.615493
1310,2021-12-16 21:24:00+00,屏東縣內埔鄉內埔村光明路口 / 屏東縣內埔鄉內埔村光明路口,0,1,"[""普通重型機車"",""自用小客車""]",120.567972,22.615493
1311,2021-12-19 20:01:00+00,屏東縣內埔鄉光明路529號前,0,2,"[""自用小客車"",""普通重型機車"",""乘客人""]",120.569614,22.615688
1312,2021-12-24 09:26:00+00,屏東縣內埔鄉內埔村光明路口 / 屏東縣內埔鄉內埔村新光路口,0,2,"[""普通重型機車"",""普通重型機車""]",120.568343,22.615535
1313,2021-12-24 09:26:00+00,屏東縣內埔鄉內埔村光明路口 / 屏東縣內埔鄉內埔村新光路口,0,2,"[""普通重型機車"",""普通重型機車""]",120.568343,22.615535
1314,2021-12-28 09:32:00+00,屏東縣內埔鄉內埔村光明路與新光路口,0,1,"[""普通重型機車"",""普通重型機車""]",120.568412,22.615563
1315,2021-12-29 14:54:00+00,屏東縣內埔鄉東陽街口 / 屏東縣內埔鄉光明路,0,1,"[""自用小客車"",""普通重型機車""]",120.567163,22.614444
1316,2021-12-29 14:54:00+00,屏東縣內埔鄉東陽街口 / 屏東縣內埔鄉光明路,0,1,"[""自用小客車"",""普通重型機車""]",120.567163,22.614444
1317,2021-08-24 07:33:00+00,屏東縣內埔鄉大同路三段41號前,0,1,"[""自用小貨車(含客貨兩用)"",""普通重型機車""]",120.574619,22.638332
1318,2021-08-31 12:30:00+00,屏東縣內埔鄉大同路三段與嘉應路口,0,1,"[""自用小客車"",""普通重型機車""]",120.569363,22.634678
1319,2021-11-15 10:00:00+00,屏東縣內埔鄉大同路三段2號前,0,1,"[""普通重型機車""]",120.576648,22.640195
1320,2021-11-29 07:38:00+00,屏東縣內埔鄉大同路三段5號前,0,1,"[""自用小貨車(含客貨兩用)"",""普通重型機車""]",120.572891,22.636534
1321,2021-10-07 15:25:00+00,屏東縣內埔鄉老埤村學府路1號前,0,1,"[""腳踏自行車慢車"",""普通重型機車""]",120.595344,22.640866
1322,2021-11-10 16:37:00+00,屏東縣內埔鄉老埤村學府路1號(屏東科技大學)前,0,1,"[""普通重型機車"",""自用小客車""]",120.595505,22.64082
1323,2021-11-28 13:05:00+00,屏東縣內埔鄉科大北路往學府路方向,0,1,"[""普通重型機車"",""普通重型機車""]",120.609827,22.643345
1324,2021-12-16 18:14:00+00,屏東縣內埔鄉老埤村學府路與科大北路口,0,2,"[""普通重型機車"",""大型重型2(250550C.C.)機車""]",120.593261,22.64086
1325,2021-12-18 13:00:00+00,屏東縣內埔鄉老埤村學府路1號前,0,1,"[""普通重型機車"",""普通重型機車""]",120.595498,22.640779
1326,2021-12-20 16:18:00+00,屏東縣內埔鄉學府路與科大北路口,0,1,"[""自用小客車"",""普通重型機車""]",120.593214,22.640846
1327,2021-12-29 12:18:00+00,屏東縣內埔鄉老埤村學府路1號屏科大前,0,2,"[""普通重型機車"",""普通重型機車""]",120.595512,22.640857
1328,2021-07-27 15:57:00+00,屏東縣內埔鄉南寧路與南寧路502巷口,0,2,"[""普通重型機車"",""普通重型機車""]",120.553761,22.625098
1329,2021-07-27 15:57:00+00,屏東縣內埔鄉南寧路與南寧路502巷口,0,2,"[""普通重型機車"",""普通重型機車""]",120.553761,22.625098
1330,2021-07-31 09:23:00+00,屏東縣內埔鄉東寧村南寧路與綏平路口,0,2,"[""普通重型機車"",""普通重型機車""]",120.56267,22.619279
1331,2021-08-23 11:04:00+00,屏東縣內埔鄉南寧路137號前,0,1,"[""自用小客車"",""普通重型機車""]",120.563353,22.618755
1332,2021-08-26 09:55:00+00,屏東縣內埔鄉東寧村南寧路37號前,0,2,"[""普通重型機車"",""普通重型機車""]",120.565344,22.617638
1333,2021-09-01 15:15:00+00,屏東縣內埔鄉南寧路153號前,0,1,"[""普通重型機車"",""自用小客車""]",120.56297,22.618992
1334,2021-09-04 09:16:00+00,屏東縣內埔鄉屏光路與南寧路口,0,1,"[""自用小客車"",""普通重型機車""]",120.556514,22.6842
1335,2021-09-12 17:39:00+00,屏東縣內埔鄉南寧路11號前,0,1,"[""普通重型機車"",""自用小客車""]",120.565547,22.617063
1336,2021-09-14 08:06:00+00,屏東縣內埔鄉南寧路4號前,0,1,"[""自用小貨車(含客貨兩用)"",""普通重型機車""]",120.557707,22.6714
1337,2021-09-28 10:15:00+00,屏東縣內埔鄉東寧村南寧路13號附近,0,1,"[""普通重型機車"",""普通重型機車""]",120.565573,22.617303
1338,2021-10-04 16:50:00+00,屏東縣內埔鄉南寧路187號,0,1,"[""自用小貨車(含客貨兩用)"",""普通重型機車""]",120.562091,22.619538
1339,2021-10-07 18:02:00+00,屏東縣內埔鄉東寧村南寧路與中寧路口,0,1,"[""普通重型機車"",""普通重型機車""]",120.560658,22.62059
1340,2021-10-09 19:21:00+00,屏東縣內埔鄉南寧路389號前,0,1,"[""自用小客車"",""普通重型機車""]",120.558149,22.6034
1341,2021-10-15 19:08:00+00,屏東縣內埔鄉南寧路88號前,0,1,"[""普通重型機車"",""自用小客車""]",120.564413,22.618314
1342,2021-10-18 11:27:00+00,屏東縣內埔鄉南寧路口 / 屏東縣內埔鄉民善路,0,1,"[""自用小客車"",""電動自行車慢車""]",120.558479,22.62199
1343,2021-10-18 11:27:00+00,屏東縣內埔鄉南寧路口 / 屏東縣內埔鄉民善路,0,1,"[""自用小客車"",""電動自行車慢車""]",120.558479,22.62199
1344,2021-10-20 12:38:00+00,屏東縣內埔鄉南寧路214號前,0,2,"[""普通重型機車"",""普通重型機車""]",120.561646,22.620185
1345,2021-10-23 12:00:00+00,屏東縣內埔鄉屏光路南寧路,0,1,"[""自用小客車"",""普通重型機車""]",120.556547,22.684
1346,2021-10-29 11:36:00+00,屏東縣內埔鄉南寧路民善路,0,2,"[""普通重型機車"",""普通重型機車""]",120.558479,22.62199
1347,2021-10-30 08:00:00+00,屏東縣內埔鄉台一線與南寧路口,0,2,"[""普通重型機車"",""普通重型機車""]",120.563526,22.61877
1348,2021-11-06 15:01:00+00,屏東縣內埔鄉東寧村南寧路61號前0.0公尺,0,1,"[""自用小客車"",""普通重型機車""]",120.564973,22.617882
1349,2021-11-10 18:54:00+00,屏東縣內埔鄉東寧村南寧路12號前,0,1,"[""自用小貨車(含客貨兩用)"",""普通重型機車""]",120.56559,22.61742
1350,2021-11-18 21:29:00+00,屏東縣內埔鄉東寧村南寧路口 / 屏東縣內埔鄉東寧村南寧路附近,0,2,"[""普通重型機車"",""普通重型機車""]",120.553751,22.62508
1351,2021-11-18 21:29:00+00,屏東縣內埔鄉東寧村南寧路口 / 屏東縣內埔鄉東寧村南寧路附近,0,2,"[""普通重型機車"",""普通重型機車""]",120.553751,22.62508
1352,2021-11-18 21:29:00+00,屏東縣內埔鄉東寧村南寧路口 / 屏東縣內埔鄉東寧村南寧路附近,0,2,"[""普通重型機車"",""普通重型機車""]",120.553751,22.62508
1353,2021-11-18 21:29:00+00,屏東縣內埔鄉東寧村南寧路口 / 屏東縣內埔鄉東寧村南寧路附近,0,2,"[""普通重型機車"",""普通重型機車""]",120.553751,22.62508
1354,2021-11-21 08:40:00+00,屏東縣內埔鄉南寧路451巷往南,0,1,"[""普通重型機車""]",120.56632,22.615134
1355,2021-11-26 14:17:00+00,屏東縣內埔鄉南寧路481號,0,1,"[""普通重型機車""]",120.555547,22.623833
1356,2021-12-10 08:36:00+00,屏東縣內埔鄉東寧村南寧路口 / 屏東縣內埔鄉東寧村利寧路口,0,3,"[""普通重型機車"",""普通重型機車"",""乘客人""]",120.564152,22.618392
1357,2021-12-10 08:36:00+00,屏東縣內埔鄉東寧村南寧路口 / 屏東縣內埔鄉東寧村利寧路口,0,3,"[""普通重型機車"",""普通重型機車"",""乘客人""]",120.564152,22.618392
1358,2021-12-10 14:06:00+00,屏東縣內埔鄉東寧村台一線南寧路飄香客棧前,0,1,"[""自用小客車"",""普通重型機車""]",120.55671,22.623195
1359,2021-12-15 11:17:00+00,屏東縣內埔鄉東寧路南寧路,0,2,"[""行人人"",""普通重型機車""]",120.560154,22.62092
1360,2021-12-16 13:01:00+00,屏東縣內埔鄉南寧路4號前0.0公尺,0,1,"[""自用小客車"",""普通重型機車""]",120.557648,22.6551
1361,2021-09-10 09:02:00+00,屏東縣內埔鄉北寧路平昌街,0,1,"[""自用小貨車(含客貨兩用)"",""普通重型機車""]",120.56572,22.618286
1362,2021-07-21 20:13:00+00,屏東縣內埔鄉東寧村自強路口 / 屏東縣內埔鄉東寧村勝利路附近,0,1,"[""自用小客車"",""普通重型機車""]",120.561061,22.616491
1363,2021-07-21 20:13:00+00,屏東縣內埔鄉東寧村自強路口 / 屏東縣內埔鄉東寧村勝利路附近,0,1,"[""自用小客車"",""普通重型機車""]",120.561061,22.616491
1364,2021-07-21 08:45:00+00,屏東縣內埔鄉東寧村勝利路317號前,0,2,"[""電動自行車慢車"",""普通重型機車""]",120.564194,22.620649
1365,2021-08-29 14:11:00+00,屏東縣內埔鄉勝利路與民善路口,0,1,"[""普通重型機車"",""自用小客車""]",120.559908,22.620656
1366,2021-09-02 13:20:00+00,屏東縣內埔鄉東寧村勝利路200號前0.0公尺附近,0,1,"[""自用小貨車(含客貨兩用)"",""普通重型機車""]",120.567017,22.619372
1367,2021-10-19 17:17:00+00,屏東縣內埔鄉東寧村勝利路3號附近,0,2,"[""普通重型機車"",""普通重型機車"",""自用小客車""]",120.564574,22.620513
1368,2021-10-28 07:52:00+00,屏東縣內埔鄉勝利路35號,0,1,"[""自用小客車"",""普通重型機車""]",120.569335,22.616799
1369,2021-11-12 18:19:00+00,屏東縣內埔鄉勝利路230號前,0,1,"[""自用小客車"",""普通重型機車""]",120.566137,22.619741
1370,2021-12-03 07:35:00+00,屏東縣內埔鄉勝利路57號前,0,2,"[""普通重型機車"",""普通重型機車""]",120.568869,22.617203
1371,2021-12-05 12:38:00+00,屏東縣內埔鄉東興路勝利路,0,1,"[""普通重型機車"",""普通重型機車""]",120.566766,22.619496
1372,2021-07-06 21:25:00+00,屏東縣內埔鄉學人路647號前,0,1,"[""腳踏自行車慢車"",""普通重型機車""]",120.56632,22.615134
1373,2021-08-25 19:00:00+00,屏東縣內埔鄉學人路695號前0.0公尺,0,1,"[""自用小客車"",""普通重型機車"",""乘客人""]",120.563896,22.607484
1374,2021-09-10 07:20:00+00,屏東縣內埔鄉台一線學人路往內埔方向,0,1,"[""普通重型機車""]",120.563886,22.606623
1375,2021-09-28 12:13:00+00,屏東縣內埔鄉學人路附近 / 屏東縣內埔鄉忠英路,0,1,"[""自用小客車"",""普通重型機車""]",120.559037,22.597714
1376,2021-09-28 12:13:00+00,屏東縣內埔鄉學人路附近 / 屏東縣內埔鄉忠英路,0,1,"[""自用小客車"",""普通重型機車""]",120.559037,22.597714
1377,2021-10-18 16:29:00+00,屏東縣內埔鄉陽明路附近 / 屏東縣內埔鄉學人路,0,1,"[""普通重型機車"",""普通重型機車""]",120.560046,22.600179
1378,2021-10-18 16:29:00+00,屏東縣內埔鄉陽明路附近 / 屏東縣內埔鄉學人路,0,1,"[""普通重型機車"",""普通重型機車""]",120.560046,22.600179
1379,2021-11-01 11:14:00+00,屏東縣內埔鄉屏光路與學人路,0,1,"[""自用小客車"",""普通重型機車"",""自用小客車""]",120.56119,22.602652
1380,2021-11-04 18:53:00+00,屏東縣內埔鄉學人路660巷前0.0公尺口,0,2,"[""普通重型機車"",""普通重型機車""]",120.563464,22.606329
1381,2021-11-05 07:55:00+00,屏東縣內埔鄉學人路段北上慢車道,0,1,"[""普通重型機車"",""自用小客車""]",120.556584,22.593438
1382,2021-11-11 18:38:00+00,屏東縣內埔鄉學人路660巷,0,3,"[""腳踏自行車慢車"",""行人人"",""腳踏自行車慢車""]",120.56036,22.600732
1383,2021-11-14 08:02:00+00,屏東縣內埔鄉學人路302號前,0,1,"[""普通重型機車"",""自用小客車""]",120.560452,22.600672
1384,2021-11-17 00:43:00+00,屏東縣內埔鄉學人路291號,0,3,,120.55982,22.599798
1385,2021-11-25 23:23:00+00,屏東縣內埔鄉美和村屏光路與學人路口,0,2,"[""自用小貨車(含客貨兩用)"",""普通重型機車"",""乘客人""]",120.561572,22.603003
1386,2021-11-28 19:14:00+00,屏東縣內埔鄉美和村學人路312號前0.0公尺,0,1,"[""普通重型機車""]",120.560898,22.601456
1387,2021-11-30 07:41:00+00,屏東縣內埔鄉學人路口 / 屏東縣內埔鄉德美路,0,3,"[""普通重型機車"",""普通重型機車"",""乘客人""]",120.562663,22.604887
1388,2021-11-30 07:41:00+00,屏東縣內埔鄉學人路口 / 屏東縣內埔鄉德美路,0,3,"[""普通重型機車"",""普通重型機車"",""乘客人""]",120.562663,22.604887
1389,2021-12-14 16:02:00+00,屏東縣內埔鄉學人路321號前,0,2,"[""普通重型機車"",""普通重型機車"",""普通重型機車""]",120.560635,22.603815
1390,2021-12-16 20:17:00+00,屏東縣內埔鄉學人路642號(小北百貨)旁,0,1,"[""自用小客車"",""普通重型機車"",""普通重型機車""]",120.562962,22.605714
1391,2021-12-16 20:23:00+00,屏東縣內埔鄉學人路642號(小北百貨)旁,0,2,"[""普通重型機車"",""電動自行車慢車"",""自用小客車""]",120.562962,22.605714
1392,2021-12-19 10:36:00+00,屏東縣內埔鄉學人路250巷28號前,0,1,"[""普通重型機車"",""自用小客車""]",120.560862,22.599994
1393,2021-12-21 20:02:00+00,屏東縣內埔鄉學人路302號,0,1,"[""普通重型機車"",""腳踏自行車慢車""]",120.560559,22.600856
1394,2021-12-25 11:59:00+00,屏東縣內埔鄉內田村學人路689號前,0,1,"[""腳踏自行車慢車"",""普通重型機車""]",120.563854,22.607165
1395,2021-07-23 21:53:00+00,屏東縣內埔鄉四維路23號前,0,1,"[""普通重型機車""]",120.559289,22.584815
1396,2021-10-15 16:50:00+00,屏東縣內埔鄉四維路13號,0,1,"[""普通重型機車"",""腳踏自行車慢車""]",120.559464,22.584152
1397,2021-11-25 18:10:00+00,屏東縣內埔鄉美和村四維路374號附近,0,2,,120.558412,22.591105
1398,2021-12-10 17:08:00+00,屏東縣內埔鄉美和村四維路32號前0.0公尺,0,1,"[""腳踏自行車慢車""]",120.559288,22.586513
1399,2021-07-15 14:09:00+00,屏東縣內埔鄉內田村台一線屏光路與復興路口,0,1,"[""營業用曳引車"",""營業用曳引車""]",120.559709,22.60837
1400,2021-08-15 02:15:00+00,屏東縣內埔鄉美和村復興路附近,0,2,"[""普通重型機車"",""普通重型機車""]",120.556789,22.60746
1401,2021-09-20 00:12:00+00,屏東縣內埔鄉復興路與德美路口,0,1,"[""自用小客車"",""自用小客車"",""乘客人""]",120.56238,22.608955
1402,2021-10-19 10:30:00+00,屏東縣內埔鄉內田村復興路58號附近,0,1,"[""普通重型機車""]",120.563621,22.60937
1403,2021-10-26 14:43:00+00,屏東縣內埔鄉內田村屏光路與復興路口,0,1,"[""自用小客車"",""普通重型機車""]",120.559813,22.608315
1404,2021-11-06 16:14:00+00,屏東縣內埔鄉美和村屏光路口 / 屏東縣內埔鄉美和村復興路附近,0,1,"[""自用小客車"",""普通重型機車""]",120.560619,22.605064
1405,2021-11-06 16:14:00+00,屏東縣內埔鄉美和村屏光路口 / 屏東縣內埔鄉美和村復興路附近,0,1,"[""自用小客車"",""普通重型機車""]",120.560619,22.605064
1406,2021-11-07 14:30:00+00,屏東縣內埔鄉內田村復興路口 / 屏東縣內埔鄉內田村德美路口,0,1,"[""普通重型機車"",""普通重型機車""]",120.562358,22.60899
1407,2021-11-07 14:30:00+00,屏東縣內埔鄉內田村復興路口 / 屏東縣內埔鄉內田村德美路口,0,1,"[""普通重型機車"",""普通重型機車""]",120.562358,22.60899
1408,2021-12-13 15:46:00+00,屏東縣內埔鄉內田村復興路口 / 屏東縣內埔鄉內田村德美路附近,0,2,"[""普通輕型機車"",""普通重型機車""]",120.562371,22.60896
1409,2021-12-13 15:46:00+00,屏東縣內埔鄉內田村復興路口 / 屏東縣內埔鄉內田村德美路附近,0,2,"[""普通輕型機車"",""普通重型機車""]",120.562371,22.60896
1410,2021-12-31 23:20:00+00,屏東縣內埔鄉內田村屏光路與復興路口,0,1,"[""普通重型機車""]",120.559862,22.608295
1411,2021-07-11 18:48:00+00,屏東縣內埔鄉屏光路與自強路口,0,1,"[""自用小客車"",""普通重型機車""]",120.562686,22.616308
1412,2021-08-17 08:31:00+00,屏東縣內埔鄉屏光路與自強路口,0,1,"[""普通重型機車""]",120.562686,22.616308
1413,2021-09-10 17:01:00+00,屏東縣內埔鄉屏光路自強路,0,1,"[""普通重型機車"",""自用小客車""]",120.557708,22.616668
1414,2021-10-08 18:23:00+00,屏東縣內埔鄉美和村屏光路美和科技大學前,0,2,"[""行人人"",""普通重型機車""]",120.56066,22.603899
1415,2021-12-01 09:07:00+00,屏東縣內埔鄉東寧村屏光路與興華路口,0,2,"[""普通重型機車"",""普通重型機車""]",120.560807,22.603945
1416,2021-12-12 19:04:00+00,屏東縣內埔鄉東寧村屏光路飄香客棧前,0,1,"[""普通重型機車"",""普通重型機車""]",120.556528,22.6868
1417,2021-12-15 17:51:00+00,屏東縣內埔鄉屏光路23號前,0,1,"[""自用小客車"",""普通重型機車""]",120.560635,22.603815
1418,2021-12-24 21:13:00+00,屏東縣內埔鄉屏光路23號前,0,1,"[""普通重型機車"",""自用小客車""]",120.560635,22.603815
1419,2021-12-29 17:51:00+00,屏東縣內埔鄉屏光路與屏光路542巷口,0,1,"[""普通重型機車""]",120.557249,22.620072
1420,2021-12-29 17:51:00+00,屏東縣內埔鄉屏光路與屏光路542巷口,0,1,"[""普通重型機車""]",120.557249,22.620072
1421,2021-01-04 07:58:00+00,屏東縣內埔鄉壽比路468號前,0,1,"[""普通重型機車"",""自用小客車""]",120.597321,22.634625
1422,2021-01-04 08:26:00+00,屏東縣內埔鄉壽比路與壽比路765巷口,0,1,"[""自用小客車"",""普通重型機車""]",120.595536,22.641568
1423,2021-01-04 08:26:00+00,屏東縣內埔鄉壽比路與壽比路765巷口,0,1,"[""自用小客車"",""普通重型機車""]",120.595536,22.641568
1424,2021-01-07 23:55:00+00,屏東縣內埔鄉壽比路655之9號,0,1,"[""自用小客車"",""普通重型機車"",""普通重型機車""]",120.595955,22.63816
1425,2021-01-09 06:20:00+00,屏東縣內埔鄉壽比路145號,0,1,"[""普通重型機車"",""行人人""]",120.594583,22.631413
1426,2021-01-11 14:45:00+00,屏東縣內埔鄉壽比路587號前,0,1,"[""自用小客車"",""普通重型機車""]",120.596397,22.63685
1427,2021-01-14 10:55:00+00,屏東縣內埔鄉壽比路573-1號,0,2,"[""普通重型機車"",""普通重型機車""]",120.596617,22.635862
1428,2021-01-15 22:15:00+00,屏東縣內埔鄉老埤村壽比路612號前,0,2,"[""自用小客車"",""普通重型機車"",""乘客人""]",120.596259,22.637403
1429,2021-01-23 12:01:00+00,屏東縣內埔鄉老埤村壽比路616巷前0.0公尺口,0,1,"[""自用小客車"",""普通重型機車""]",120.596328,22.637181
1430,2021-01-23 14:02:00+00,屏東縣內埔鄉壽比路757號前,0,5,"[""普通重型機車"",""普通重型機車"",""乘客人"",""乘客人"",""乘客人""]",120.5954,22.640614
1431,2021-01-25 20:34:00+00,屏東縣內埔鄉壽比路628之3號前,0,1,"[""普通重型機車"",""自用小客車""]",120.596243,22.637652
1432,2021-01-26 07:55:00+00,屏東縣內埔鄉壽比路口 / 屏東縣內埔鄉通安路,0,2,"[""普通重型機車"",""普通重型機車""]",120.597968,22.633118
1433,2021-01-26 07:55:00+00,屏東縣內埔鄉壽比路口 / 屏東縣內埔鄉通安路,0,2,"[""普通重型機車"",""普通重型機車""]",120.597968,22.633118
1434,2021-01-29 18:40:00+00,屏東縣內埔鄉壽比路747號,0,1,"[""普通重型機車"",""普通重型機車""]",120.595404,22.640413
1435,2021-02-08 05:59:00+00,屏東縣內埔鄉壽比路764巷口,0,1,"[""普通重型機車""]",120.595601,22.640375
1436,2021-02-09 11:50:00+00,屏東縣內埔鄉老埤村壽比路700-1號附近,0,2,"[""普通重型機車"",""普通重型機車""]",120.595768,22.638953
1437,2021-02-13 10:22:00+00,屏東縣內埔鄉壽比路359巷69號前,0,1,"[""普通重型機車"",""自用小客車"",""自用小客車""]",120.596909,22.632913
1438,2021-02-17 08:08:00+00,屏東縣內埔鄉埤村壽比路270號前,0,2,"[""行人人"",""普通重型機車""]",120.59679,22.632197
1439,2021-02-20 14:05:00+00,屏東縣內埔鄉壽比路358號前,0,3,"[""普通重型機車"",""普通重型機車"",""乘客人""]",120.598096,22.633423
1440,2021-02-21 10:50:00+00,屏東縣內埔鄉老埤村壽比路口 / 屏東縣內埔鄉老埤村科大路1段附近,0,1,"[""普通重型機車"",""租賃車小客車""]",120.589076,22.63378
1441,2021-02-21 10:50:00+00,屏東縣內埔鄉老埤村壽比路口 / 屏東縣內埔鄉老埤村科大路1段附近,0,1,"[""普通重型機車"",""租賃車小客車""]",120.589076,22.63378
1442,2021-02-21 19:01:00+00,屏東縣內埔鄉老埤村壽比路730-1號前0.0公尺,0,1,"[""普通重型機車"",""行人人""]",120.595544,22.639667
1443,2021-03-01 19:34:00+00,屏東縣內埔鄉老埤村壽比路631號前,0,2,"[""普通重型機車"",""普通重型機車""]",120.59616,22.637746
1444,2021-03-07 18:32:00+00,屏東縣內埔鄉老埤村壽比路719號前0.0公尺附近,0,1,"[""普通重型機車"",""普通重型機車""]",120.595499,22.639763
1445,2021-03-13 11:58:00+00,屏東縣內埔鄉壽比路296號,0,1,"[""普通重型機車"",""自用小貨車(含客、貨兩用)""]",120.597411,22.632173
1446,2021-03-17 12:21:00+00,屏東縣內埔鄉壽比路573-1號前,0,3,"[""普通重型機車"",""普通重型機車"",""乘客人""]",120.596617,22.635862
1447,2021-03-17 19:56:00+00,屏東縣內埔鄉老埤村壽比路口 / 屏東縣內埔鄉老埤村壽比路口,0,2,"[""普通重型機車"",""普通重型機車""]",120.595588,22.641531
1448,2021-03-17 19:56:00+00,屏東縣內埔鄉老埤村壽比路口 / 屏東縣內埔鄉老埤村壽比路口,0,2,"[""普通重型機車"",""普通重型機車""]",120.595588,22.641531
1449,2021-03-17 19:56:00+00,屏東縣內埔鄉老埤村壽比路口 / 屏東縣內埔鄉老埤村壽比路口,0,2,"[""普通重型機車"",""普通重型機車""]",120.595588,22.641531
1450,2021-03-17 19:56:00+00,屏東縣內埔鄉老埤村壽比路口 / 屏東縣內埔鄉老埤村壽比路口,0,2,"[""普通重型機車"",""普通重型機車""]",120.595588,22.641531
1451,2021-03-19 16:13:00+00,屏東縣內埔鄉老埤村壽比路616-3號前,0,2,"[""普通重型機車"",""普通重型機車""]",120.596334,22.637212
1452,2021-03-24 18:17:00+00,屏東縣內埔鄉老埤村壽比路627號前,0,2,"[""普通重型機車"",""普通重型機車"",""乘客人""]",120.596375,22.636827
1453,2021-04-21 18:45:00+00,屏東縣內埔鄉壽比路719號,0,1,"[""普通重型機車"",""普通重型機車"",""自用小客車"",""乘客人""]",120.595437,22.639779
1454,2021-04-22 13:49:00+00,屏東縣內埔鄉老埤村學府路附近 / 屏東縣內埔鄉老埤村壽比路口,0,2,"[""普通重型機車"",""普通重型機車""]",120.595491,22.640826
1455,2021-04-22 13:49:00+00,屏東縣內埔鄉老埤村學府路附近 / 屏東縣內埔鄉老埤村壽比路口,0,2,"[""普通重型機車"",""普通重型機車""]",120.595491,22.640826
1456,2021-04-22 14:29:00+00,屏東縣內埔鄉壽比路686-1號前,0,2,"[""普通重型機車"",""普通重型機車""]",120.59595,22.638781
1457,2021-04-22 18:52:00+00,屏東縣內埔鄉老埤村壽比路628-1號附近,0,3,,120.596178,22.637559
1458,2021-05-02 18:00:00+00,屏東縣內埔鄉壽比路老埤幹66電桿,0,2,"[""腳踏自行車慢車"",""普通重型機車""]",120.596727,22.635803
1459,2021-05-05 13:08:00+00,屏東縣內埔鄉老埤村壽比路742號前,0,1,"[""普通重型機車"",""普通重型機車"",""普通重型機車"",""普通重型機車""]",120.595499,22.640431
1460,2021-05-10 12:20:00+00,屏東縣內埔鄉壽比路749巷73號,0,2,"[""普通重型機車"",""普通重型機車"",""營業用小貨車(含客、貨兩用)""]",120.595408,22.640461
1461,2021-05-10 18:20:00+00,屏東縣內埔鄉老埤村壽比路172號前,0,1,"[""普通重型機車"",""普通重型機車""]",120.594992,22.63173
1462,2021-05-11 18:10:00+00,屏東縣內埔鄉老埤村壽比路165巷90之1號前0.0公尺,0,1,"[""普通重型機車"",""自用小客車""]",120.590096,22.633849
1463,2021-05-11 20:24:00+00,屏東縣內埔鄉壽比路730之1號前,0,2,"[""普通重型機車"",""普通重型機車""]",120.595662,22.639672
1464,2021-05-13 12:31:00+00,屏東縣內埔鄉壽比路130巷口,0,1,"[""普通重型機車"",""普通重型機車""]",120.59444,22.631252
1465,2021-05-14 14:54:00+00,屏東縣內埔鄉壽比路2-10號前,0,1,"[""普通重型機車"",""自用小貨車(含客、貨兩用)""]",120.595661,22.632062
1466,2021-05-16 00:20:00+00,屏東縣內埔鄉老埤村壽比路口 / 屏東縣內埔鄉老埤村壽比路口,0,1,"[""自用小客車"",""普通重型機車""]",120.594841,22.631644
1467,2021-05-16 00:20:00+00,屏東縣內埔鄉老埤村壽比路口 / 屏東縣內埔鄉老埤村壽比路口,0,1,"[""自用小客車"",""普通重型機車""]",120.594841,22.631644
1468,2021-05-16 00:20:00+00,屏東縣內埔鄉老埤村壽比路口 / 屏東縣內埔鄉老埤村壽比路口,0,1,"[""自用小客車"",""普通重型機車""]",120.594841,22.631644
1469,2021-05-16 00:20:00+00,屏東縣內埔鄉老埤村壽比路口 / 屏東縣內埔鄉老埤村壽比路口,0,1,"[""自用小客車"",""普通重型機車""]",120.594841,22.631644
1470,2021-05-18 21:37:00+00,屏東縣內埔鄉科大路1段口 / 屏東縣內埔鄉壽比路,0,1,"[""普通重型機車"",""普通重型機車""]",120.592949,22.630076
1471,2021-05-18 21:37:00+00,屏東縣內埔鄉科大路1段口 / 屏東縣內埔鄉壽比路,0,1,"[""普通重型機車"",""普通重型機車""]",120.592949,22.630076
1472,2021-06-20 12:34:00+00,屏東縣內埔鄉壽比路655號,0,1,"[""普通重型機車"",""普通重型機車""]",120.595955,22.63816
1473,2021-06-30 16:08:00+00,屏東縣內埔鄉壽比路口 / 屏東縣內埔鄉學府路,0,1,"[""普通重型機車"",""普通重型機車""]",120.595463,22.640832
1474,2021-06-30 16:08:00+00,屏東縣內埔鄉壽比路口 / 屏東縣內埔鄉學府路,0,1,"[""普通重型機車"",""普通重型機車""]",120.595463,22.640832
1475,2021-01-05 07:19:00+00,屏東縣內埔鄉內埔村內埔圓環廣濟路34號前,0,1,"[""自用小客車"",""普通重型機車""]",120.566917,22.612701
1476,2021-01-10 10:39:00+00,屏東縣內埔鄉內埔村廣濟路圓環道路,0,1,"[""普通重型機車"",""普通重型機車"",""乘客人""]",120.566625,22.61251
1477,2021-01-19 07:20:00+00,屏東縣內埔鄉內田村廣濟路35號附近,0,1,"[""自用小客車"",""普通重型機車""]",120.565294,22.609805
1478,2021-01-30 11:57:00+00,屏東縣內埔鄉廣濟路311號前,0,1,"[""普通重型機車"",""民營公車大客車"",""自用小客車""]",120.565927,22.616021
1479,2021-01-30 18:51:00+00,屏東縣內埔鄉廣濟路口 / 屏東縣內埔鄉光明路,0,1,"[""自用小客車"",""行人人""]",120.566312,22.615129
1480,2021-01-30 18:51:00+00,屏東縣內埔鄉廣濟路口 / 屏東縣內埔鄉光明路,0,1,"[""自用小客車"",""行人人""]",120.566312,22.615129
1481,2021-01-31 17:29:00+00,屏東縣內埔鄉廣濟路與仁智路口,0,2,"[""腳踏自行車慢車"",""普通重型機車"",""普通重型機車""]",120.5661,22.611068
1482,2021-02-07 07:30:00+00,屏東縣內埔鄉廣濟路口 / 屏東縣內埔鄉東陽街,0,1,"[""行人人""]",120.566487,22.61428
1483,2021-02-07 07:30:00+00,屏東縣內埔鄉廣濟路口 / 屏東縣內埔鄉東陽街,0,1,"[""行人人""]",120.566487,22.61428
1484,2021-02-07 14:36:00+00,屏東縣內埔鄉廣濟路143號前,0,1,"[""自用小客車"",""普通重型機車""]",120.56655,22.612237
1485,2021-02-10 11:30:00+00,屏東縣內埔鄉內田村廣濟路與廣田路口,0,1,"[""自用小客車"",""普通重型機車""]",120.566368,22.615249
1486,2021-02-18 16:46:00+00,屏東縣內埔鄉廣濟路2號前,0,2,"[""普通重型機車"",""普通重型機車"",""乘客人""]",120.565638,22.610098
1487,2021-02-24 18:44:00+00,屏東縣內埔鄉廣濟路104號前,0,2,"[""普通重型機車"",""普通重型機車""]",120.566569,22.613828
1488,2021-02-26 15:45:00+00,屏東縣內埔鄉廣濟路303號前,0,1,"[""普通重型機車"",""自用小客車""]",120.565965,22.615903
1489,2021-03-02 09:15:00+00,屏東縣內埔鄉廣濟路13號,0,1,"[""電動自行車慢車""]",120.565028,22.608959
1490,2021-03-02 17:36:00+00,屏東縣內埔鄉廣濟路39號前,0,2,"[""自用小貨車(含客、貨兩用)"",""普通重型機車"",""乘客人""]",120.565219,22.609834
1491,2021-03-10 21:46:00+00,屏東縣內埔鄉廣濟路與自強路口,0,1,"[""電動自行車慢車"",""普通重型機車""]",120.566829,22.612005
1492,2021-03-11 09:47:00+00,屏東縣內埔鄉內埔村廣濟路內埔國小前,0,1,"[""自用小客車"",""普通重型機車""]",120.565925,22.610816
1493,2021-03-16 17:10:00+00,屏東縣內埔鄉廣濟路136號,0,1,"[""自用小客車"",""普通輕型機車""]",120.566459,22.61446
1494,2021-03-17 18:00:00+00,屏東縣內埔鄉廣濟路223號前,0,2,"[""普通重型機車"",""普通重型機車""]",120.566509,22.614015
1495,2021-03-17 20:48:00+00,屏東縣內埔鄉內田村廣濟路與民生路口,0,1,"[""普通重型機車"",""自用小客車""]",120.566078,22.615748
1496,2021-03-18 10:11:00+00,屏東縣內埔鄉內埔村廣濟路26號附近,0,1,"[""自用小客車"",""普通重型機車"",""自用小客車""]",120.566643,22.612096
1497,2021-03-20 19:06:00+00,屏東縣內埔鄉廣濟路與東成路口,0,1,"[""自用小客車"",""腳踏自行車慢車""]",120.567044,22.612584
1498,2021-03-22 13:26:00+00,屏東縣內埔鄉內埔村廣濟路圓環道路,0,1,"[""自用小客車"",""電動輔助自行車慢車""]",120.566636,22.612668
1499,2021-03-24 16:50:00+00,屏東縣內埔鄉內埔村廣濟路口 / 屏東縣內埔鄉內埔村光明路口,0,1,"[""普通重型機車""]",120.56633,22.615093
1500,2021-03-24 16:50:00+00,屏東縣內埔鄉內埔村廣濟路口 / 屏東縣內埔鄉內埔村光明路口,0,1,"[""普通重型機車""]",120.56633,22.615093
1501,2021-03-24 20:22:00+00,屏東縣內埔鄉廣濟路圓環,0,1,"[""普通重型機車""]",120.566544,22.612776
1502,2021-04-05 18:53:00+00,屏東縣內埔鄉內埔村廣濟路仁和路口,0,1,"[""自用小貨車(含客、貨兩用)"",""普通重型機車"",""乘客人""]",120.566389,22.611697
1503,2021-04-08 21:38:00+00,屏東縣內埔鄉內埔村廣濟路13號前0.0公尺,0,1,"[""普通重型機車""]",120.564942,22.609133
1504,2021-04-08 22:05:00+00,屏東縣內埔鄉廣濟路附近 / 屏東縣內埔鄉埔興路,0,1,"[""普通重型機車""]",120.564748,22.60871
1505,2021-04-08 22:05:00+00,屏東縣內埔鄉廣濟路附近 / 屏東縣內埔鄉埔興路,0,1,"[""普通重型機車""]",120.564748,22.60871
1506,2021-04-13 08:51:00+00,屏東縣內埔鄉內田村廣濟路附近 / 屏東縣內埔鄉內田村福德路口,0,1,"[""普通重型機車""]",120.565943,22.610955
1507,2021-04-13 08:51:00+00,屏東縣內埔鄉內田村廣濟路附近 / 屏東縣內埔鄉內田村福德路口,0,1,"[""普通重型機車""]",120.565943,22.610955
1508,2021-04-19 12:21:00+00,屏東縣內埔鄉廣濟路與仁智路口,0,1,"[""腳踏自行車慢車""]",120.56611,22.611103
1509,2021-04-26 17:18:00+00,屏東縣內埔鄉廣濟路313號,0,1,"[""普通重型機車"",""自用小客車"",""自用小客車""]",120.565817,22.616035
1510,2021-04-29 19:44:00+00,屏東縣內埔鄉廣濟路105號前,0,2,"[""普通重型機車"",""普通重型機車""]",120.566293,22.611607
1511,2021-04-30 17:17:00+00,屏東縣內埔鄉廣濟路崇文巷,0,1,"[""普通重型機車"",""普通重型機車"",""乘客人""]",120.566829,22.612005
1512,2021-05-09 10:52:00+00,屏東縣內埔鄉內埔村廣濟路內埔國小前,0,1,"[""普通重型機車"",""普通重型機車""]",120.565439,22.609935
1513,2021-05-13 09:17:00+00,屏東縣內埔鄉廣濟路與仁和路口,0,1,"[""普通重型機車"",""自用小客車""]",120.566829,22.612005
1514,2021-05-20 18:02:00+00,屏東縣內埔鄉廣濟路與仁和路口,0,1,"[""普通重型機車"",""普通重型機車""]",120.566829,22.612005
1515,2021-05-23 10:06:00+00,屏東縣內埔鄉廣濟路圓環內,0,3,"[""普通重型機車"",""普通重型機車"",""乘客人""]",120.566747,22.612724
1516,2021-06-01 16:21:00+00,屏東縣內埔鄉南寧路廣濟路,0,2,"[""普通重型機車"",""普通重型機車""]",120.565554,22.617501
1517,2021-06-02 17:23:00+00,屏東縣內埔鄉廣濟路自強路,0,1,"[""自用小客車"",""普通重型機車""]",120.565927,22.616256
1518,2021-01-14 18:43:00+00,屏東縣內埔鄉光明路口 / 屏東縣內埔鄉中興路,0,1,"[""普通重型機車"",""普通重型機車""]",120.571269,22.616006
1519,2021-01-14 18:43:00+00,屏東縣內埔鄉光明路口 / 屏東縣內埔鄉中興路,0,1,"[""普通重型機車"",""普通重型機車""]",120.571269,22.616006
1520,2021-01-23 16:33:00+00,屏東縣內埔鄉光明路口 / 屏東縣內埔鄉勝利路,0,1,"[""普通重型機車"",""自用小客車""]",120.570242,22.61587
1521,2021-01-23 16:33:00+00,屏東縣內埔鄉光明路口 / 屏東縣內埔鄉勝利路,0,1,"[""普通重型機車"",""自用小客車""]",120.570242,22.61587
1522,2021-01-26 18:24:00+00,屏東縣內埔鄉內埔村光明路286號前0.0公尺,0,1,"[""普通重型機車"",""自用小客車""]",120.567823,22.615475
1523,2021-02-02 18:18:00+00,屏東縣內埔鄉光明路138號前0.0公尺,0,3,"[""普通重型機車"",""普通重型機車"",""乘客人""]",120.573061,22.616252
1524,2021-02-06 10:36:00+00,屏東縣內埔鄉光明路260號前0.0公尺,0,2,"[""自用小客車"",""普通重型機車"",""乘客人""]",120.568694,22.615728
1525,2021-02-16 18:20:00+00,屏東縣內埔鄉光明路附近 / 屏東縣內埔鄉勝利路,0,1,"[""自用小客車"",""普通重型機車""]",120.570242,22.61587
1526,2021-02-16 18:20:00+00,屏東縣內埔鄉光明路附近 / 屏東縣內埔鄉勝利路,0,1,"[""自用小客車"",""普通重型機車""]",120.570242,22.61587
1527,2021-03-08 09:42:00+00,屏東縣內埔鄉光明路689巷與光明路口,0,2,"[""普通重型機車"",""自用小客車"",""乘客人""]",120.567026,22.61526
1528,2021-03-08 09:42:00+00,屏東縣內埔鄉光明路689巷與光明路口,0,2,"[""普通重型機車"",""自用小客車"",""乘客人""]",120.567026,22.61526
1529,2021-03-09 16:51:00+00,屏東縣內埔鄉光明路583號前,0,2,"[""普通重型機車"",""普通重型機車""]",120.568931,22.615569
1530,2021-03-20 20:09:00+00,屏東縣內埔鄉光明路286-6號前0.0公尺,0,1,"[""普通重型機車"",""普通重型機車""]",120.567923,22.615471
1531,2021-03-31 09:46:00+00,屏東縣內埔鄉光明路與光明路689巷口,0,2,"[""普通重型機車"",""普通重型機車""]",120.56703,22.615241
1532,2021-03-31 09:46:00+00,屏東縣內埔鄉光明路與光明路689巷口,0,2,"[""普通重型機車"",""普通重型機車""]",120.56703,22.615241
1533,2021-04-04 17:40:00+00,屏東縣內埔鄉勝利路口 / 屏東縣內埔鄉光明路,0,1,"[""自用小客車"",""普通重型機車""]",120.570242,22.61587
1534,2021-04-04 17:40:00+00,屏東縣內埔鄉勝利路口 / 屏東縣內埔鄉光明路,0,1,"[""自用小客車"",""普通重型機車""]",120.570242,22.61587
1535,2021-04-08 20:13:00+00,屏東縣內埔鄉光明路口 / 屏東縣內埔鄉新光路,0,3,"[""普通重型機車"",""行人人"",""乘客人""]",120.568442,22.615586
1536,2021-04-08 20:13:00+00,屏東縣內埔鄉光明路口 / 屏東縣內埔鄉新光路,0,3,"[""普通重型機車"",""行人人"",""乘客人""]",120.568442,22.615586
1537,2021-04-12 22:29:00+00,屏東縣內埔鄉勝利路光明路292巷,0,1,"[""自用小客車"",""普通重型機車""]",120.569136,22.617107
1538,2021-04-14 11:44:00+00,屏東縣內埔鄉光明路135號前,0,1,"[""普通重型機車"",""普通重型機車""]",120.573783,22.616387
1539,2021-04-17 11:48:00+00,屏東縣內埔鄉內田村光明路689巷口,0,3,"[""普通重型機車"",""腳踏自行車慢車"",""乘客人""]",120.567051,22.615291
1540,2021-04-17 18:54:00+00,屏東縣內埔鄉光明路與新光路口,0,1,"[""普通重型機車"",""普通重型機車""]",120.568418,22.615558
1541,2021-04-22 11:38:00+00,屏東縣內埔鄉光明路649號前,0,3,"[""普通重型機車"",""普通重型機車"",""乘客人""]",120.567585,22.615297
1542,2021-05-02 13:30:00+00,屏東縣內埔鄉光明路192巷口,0,2,"[""普通重型機車"",""普通重型機車""]",120.571295,22.616041
1543,2021-05-29 15:54:00+00,屏東縣內埔鄉光明路與南華路口,0,2,"[""普通重型機車"",""普通重型機車""]",120.575406,22.616589
1544,2021-06-09 15:32:00+00,屏東縣內埔鄉勝利路與光明路292巷口,0,3,"[""小型輕型機車"",""普通重型機車"",""乘客人""]",120.568684,22.61757
1545,2021-06-20 06:40:00+00,屏東縣內埔鄉內埔村光明路481巷51號前0.0公尺,0,1,"[""普通重型機車"",""普通重型機車""]",120.572023,22.614767
1546,2021-06-30 19:38:00+00,屏東縣內埔鄉光明路483號前,0,1,"[""自用小客車"",""普通重型機車""]",120.572607,22.616139
1547,2021-03-11 15:03:00+00,屏東縣內埔鄉大同路三段東勢國小門口,0,1,"[""普通重型機車""]",120.573675,22.637059
1548,2021-05-13 15:33:00+00,屏東縣內埔鄉科大路一段與大同路三段口,0,1,"[""普通重型機車"",""自用小客車""]",120.579461,22.642938
1549,2021-01-26 13:36:00+00,屏東縣內埔鄉學府路1號前,0,2,"[""普通重型機車"",""普通重型機車""]",120.613473,22.642657
1550,2021-03-02 17:06:00+00,屏東縣內埔鄉學府路口 / 屏東縣內埔鄉科大北路,0,1,"[""普通重型機車"",""自用小客車""]",120.593219,22.640778
1551,2021-03-02 17:06:00+00,屏東縣內埔鄉學府路口 / 屏東縣內埔鄉科大北路,0,1,"[""普通重型機車"",""自用小客車""]",120.593219,22.640778
1552,2021-03-06 15:58:00+00,屏東縣內埔鄉東片村科大北路與學府路口,0,1,"[""普通重型機車""]",120.593029,22.640774
1553,2021-04-01 01:15:00+00,屏東縣內埔鄉學府路1號前,0,1,"[""行人人"",""普通重型機車""]",120.613473,22.642657
1554,2021-05-31 17:36:00+00,屏東縣內埔鄉老埤村科大北路附近 / 屏東縣內埔鄉老埤村學府路口,0,1,"[""普通重型機車""]",120.593156,22.64079
1555,2021-05-31 17:36:00+00,屏東縣內埔鄉老埤村科大北路附近 / 屏東縣內埔鄉老埤村學府路口,0,1,"[""普通重型機車""]",120.593156,22.64079
1556,2021-01-12 11:31:00+00,屏東縣內埔鄉南寧路北寧路,0,1,"[""自用小貨車(含客、貨兩用)"",""普通重型機車""]",120.565554,22.617501
1557,2021-02-04 07:45:00+00,屏東縣內埔鄉東寧村南寧路22號前0.0公尺,0,1,"[""普通重型機車"",""普通重型機車""]",120.565569,22.617497
1558,2021-02-18 20:12:00+00,屏東縣內埔鄉東寧村南寧路附近 / 屏東縣內埔鄉東寧村勝利路口,0,1,"[""自用小貨車(含客、貨兩用)"",""普通重型機車""]",120.559774,22.621176
1559,2021-02-18 20:12:00+00,屏東縣內埔鄉東寧村南寧路附近 / 屏東縣內埔鄉東寧村勝利路口,0,1,"[""自用小貨車(含客、貨兩用)"",""普通重型機車""]",120.559774,22.621176
1560,2021-04-10 15:39:00+00,屏東縣內埔鄉東寧村南寧路與民善路口,0,2,"[""普通重型機車"",""普通重型機車"",""自用小客車""]",120.558509,22.62199
1561,2021-04-27 17:38:00+00,屏東縣內埔鄉東寧村勝利路口 / 屏東縣內埔鄉東寧村南寧路口,0,1,"[""自用小客車"",""普通重型機車""]",120.559677,22.621222
1562,2021-04-27 17:38:00+00,屏東縣內埔鄉東寧村勝利路口 / 屏東縣內埔鄉東寧村南寧路口,0,1,"[""自用小客車"",""普通重型機車""]",120.559677,22.621222
1563,2021-05-03 10:43:00+00,屏東縣內埔鄉南寧路與利寧路口,0,1,"[""普通重型機車"",""普通重型機車""]",120.562722,22.619415
1564,2021-05-20 20:08:00+00,屏東縣內埔鄉南寧路勝利路,0,1,"[""自用小客車"",""普通重型機車""]",120.560232,22.620876
1565,2021-06-01 16:21:00+00,屏東縣內埔鄉南寧路廣濟路,0,2,"[""普通重型機車"",""普通重型機車""]",120.565554,22.617501
1566,2021-06-07 12:38:00+00,屏東縣內埔鄉南寧路422號中油加油站,0,1,"[""自用小客車"",""普通重型機車""]",120.557707,22.622714
1567,2021-06-18 20:00:00+00,屏東縣內埔鄉東寧村屏光路口 / 屏東縣內埔鄉東寧村南寧路附近,0,2,"[""普通重型機車"",""普通重型機車"",""普通重型機車"",""普通重型機車""]",120.556517,22.622819
1568,2021-06-18 20:00:00+00,屏東縣內埔鄉東寧村屏光路口 / 屏東縣內埔鄉東寧村南寧路附近,0,2,"[""普通重型機車"",""普通重型機車"",""普通重型機車"",""普通重型機車""]",120.556517,22.622819
1569,2021-06-24 07:33:00+00,屏東縣內埔鄉東寧村南寧路與民善路口,0,1,"[""普通重型機車"",""普通重型機車""]",120.558473,22.621989
1570,2021-06-25 17:08:00+00,屏東縣內埔鄉勝利路附近 / 屏東縣內埔鄉南寧路,0,1,"[""自用小貨車(含客、貨兩用)"",""普通重型機車""]",120.559705,22.621231
1571,2021-06-25 17:08:00+00,屏東縣內埔鄉勝利路附近 / 屏東縣內埔鄉南寧路,0,1,"[""自用小貨車(含客、貨兩用)"",""普通重型機車""]",120.559705,22.621231
1572,2021-02-01 14:15:00+00,屏東縣內埔鄉東寧村北寧路與平昌街口,0,1,"[""腳踏自行車慢車"",""普通重型機車""]",120.565746,22.618071
1573,2021-02-08 16:35:00+00,屏東縣內埔鄉北寧路平昌街,0,1,"[""自用小客車"",""普通重型機車""]",120.56572,22.618286
1574,2021-05-20 17:28:00+00,屏東縣內埔鄉東寧村北寧路口 / 屏東縣內埔鄉東寧村平昌街附近,0,1,"[""腳踏自行車慢車"",""自用小客車""]",120.565621,22.618043
1575,2021-05-20 17:28:00+00,屏東縣內埔鄉東寧村北寧路口 / 屏東縣內埔鄉東寧村平昌街附近,0,1,"[""腳踏自行車慢車"",""自用小客車""]",120.565621,22.618043
1576,2021-06-09 21:58:00+00,屏東縣內埔鄉東寧村北寧路與平昌街口,0,1,"[""自用小客車"",""大型重型2(250550C.C.)機車""]",120.565746,22.618071
1577,2021-01-04 08:26:00+00,屏東縣內埔鄉勝利路268號前,0,2,"[""普通重型機車"",""普通重型機車""]",120.565545,22.620133
1578,2021-01-14 17:03:00+00,屏東縣內埔鄉勝利路民善路,0,1,"[""普通重型機車"",""普通重型機車""]",120.560384,22.622164
1579,2021-02-20 12:51:00+00,屏東縣內埔鄉東寧村自強路口 / 屏東縣內埔鄉東寧村勝利路口,0,1,"[""普通重型機車"",""自用小客車""]",120.561204,22.61643
1580,2021-02-20 12:51:00+00,屏東縣內埔鄉東寧村自強路口 / 屏東縣內埔鄉東寧村勝利路口,0,1,"[""普通重型機車"",""自用小客車""]",120.561204,22.61643
1581,2021-03-04 12:25:00+00,屏東縣內埔鄉勝利路549號前0.0公尺,0,1,"[""自用小客車"",""普通重型機車""]",120.560412,22.619146
1582,2021-03-12 16:36:00+00,屏東縣內埔鄉東寧村德修路與勝利路口,0,1,"[""普通重型機車"",""自用小客車""]",120.561248,22.616402
1583,2021-03-18 07:18:00+00,屏東縣內埔鄉東寧村勝利路378號前,0,1,"[""自用小客車"",""普通重型機車""]",120.563559,22.620974
1584,2021-03-30 09:50:00+00,屏東縣內埔鄉勝利路7號前,0,1,"[""自用小貨車(含客、貨兩用)"",""行人人""]",120.56986,22.616212
1585,2021-03-31 18:00:00+00,屏東縣內埔鄉東寧村勝利路口 / 屏東縣內埔鄉東寧村北寧路口,0,2,"[""普通重型機車"",""腳踏自行車慢車""]",120.566621,22.61952
1586,2021-03-31 18:00:00+00,屏東縣內埔鄉東寧村勝利路口 / 屏東縣內埔鄉東寧村北寧路口,0,2,"[""普通重型機車"",""腳踏自行車慢車""]",120.566621,22.61952
1587,2021-04-08 07:41:00+00,屏東縣內埔鄉勝利路口 / 屏東縣內埔鄉東興路,0,2,"[""普通重型機車"",""普通重型機車""]",120.566766,22.619496
1588,2021-04-08 07:41:00+00,屏東縣內埔鄉勝利路口 / 屏東縣內埔鄉東興路,0,2,"[""普通重型機車"",""普通重型機車""]",120.566766,22.619496
1589,2021-06-23 14:34:00+00,屏東縣內埔鄉東寧村勝利路403號前0.0公尺附近,0,1,"[""普通重型機車"",""自用小客車"",""自用小客車""]",120.563078,22.621205
1590,2021-01-01 09:50:00+00,屏東縣內埔鄉學人路與海平路口,0,3,"[""自用小客車"",""自用小貨車(含客、貨兩用)"",""乘客人""]",120.556629,22.594345
1591,2021-01-03 11:41:00+00,屏東縣內埔鄉學人路684號,0,2,"[""普通重型機車"",""普通重型機車""]",120.563983,22.607108
1592,2021-01-14 22:48:00+00,屏東縣內埔鄉美和村學人路(台一線)僑智國小前往內埔方向,0,1,"[""普通重型機車""]",120.55561,22.592254
1593,2021-01-15 15:03:00+00,屏東縣內埔鄉學人路323號,0,1,"[""自用小客車"",""普通重型機車""]",120.560461,22.600989
1594,2021-01-29 08:52:00+00,屏東縣內埔鄉學人路501號前,0,1,"[""腳踏自行車慢車"",""自用小客車""]",120.562051,22.603991
1595,2021-02-01 18:06:00+00,屏東縣內埔鄉學人路336巷前0.0公尺附近,0,2,"[""自用小客車"",""普通重型機車"",""乘客人""]",120.561288,22.602211
1596,2021-02-21 18:28:00+00,屏東縣內埔鄉學人路246號前,0,1,"[""普通重型機車"",""行人人""]",120.560175,22.600227
1597,2021-02-21 19:27:00+00,屏東縣內埔鄉美和村學人路131號前,0,2,"[""普通重型機車"",""行人人""]",120.55826,22.596839
1598,2021-02-22 11:52:00+00,屏東縣內埔鄉美和村學興路口 / 屏東縣內埔鄉美和村學人路口,0,2,"[""普通重型機車"",""普通重型機車""]",120.562638,22.604819
1599,2021-02-22 11:52:00+00,屏東縣內埔鄉美和村學興路口 / 屏東縣內埔鄉美和村學人路口,0,2,"[""普通重型機車"",""普通重型機車""]",120.562638,22.604819
1600,2021-02-27 22:25:00+00,屏東縣內埔鄉學人路642號前,0,1,"[""自用小客車"",""普通重型機車""]",120.563202,22.605924
1601,2021-03-17 07:56:00+00,屏東縣內埔鄉和興村學人路口 / 屏東縣內埔鄉和興村埔興路附近,0,1,"[""自用小客車"",""普通重型機車""]",120.564758,22.608639
1602,2021-03-17 07:56:00+00,屏東縣內埔鄉和興村學人路口 / 屏東縣內埔鄉和興村埔興路附近,0,1,"[""自用小客車"",""普通重型機車""]",120.564758,22.608639
1603,2021-03-22 19:35:00+00,屏東縣內埔鄉學人路660巷,0,1,"[""自用小客車"",""普通重型機車""]",120.564022,22.606086
1604,2021-04-15 10:38:00+00,屏東縣內埔鄉美和村屏光路與學人路口附近南向車道,0,2,"[""自用小客車"",""普通重型機車"",""乘客人""]",120.561076,22.602399
1605,2021-04-20 07:24:00+00,屏東縣內埔鄉學人路55號前,0,3,"[""普通重型機車"",""普通重型機車"",""乘客人""]",120.556629,22.594345
1606,2021-04-22 09:35:00+00,屏東縣內埔鄉學人路與學興路口,0,3,"[""普通重型機車"",""普通重型機車"",""乘客人""]",120.562598,22.604782
1607,2021-05-05 18:56:00+00,屏東縣內埔鄉學人路與德美路口,0,2,"[""普通重型機車"",""普通重型機車""]",120.562692,22.604931
1608,2021-05-10 08:00:00+00,屏東縣內埔鄉和興村學人路與學興路口,0,1,"[""普通重型機車"",""自用小貨車(含客、貨兩用)""]",120.56262,22.604693
1609,2021-05-11 16:38:00+00,屏東縣內埔鄉學人路648-1號前,0,1,,120.563387,22.605971
1610,2021-05-12 11:10:00+00,屏東縣內埔鄉學人路口 / 屏東縣內埔鄉陽明路,0,1,"[""自用小客車,自用小客車""]",120.560024,22.599887
1611,2021-05-12 11:10:00+00,屏東縣內埔鄉學人路口 / 屏東縣內埔鄉陽明路,0,1,"[""自用小客車,自用小客車""]",120.560024,22.599887
1612,2021-05-14 19:08:00+00,屏東縣內埔鄉學人路509號前,0,1,"[""腳踏自行車慢車""]",120.562058,22.604086
1613,2021-05-16 17:36:00+00,屏東縣內埔鄉學人路660巷口,0,1,"[""普通重型機車"",""腳踏自行車慢車""]",120.563426,22.606348
1614,2021-05-25 12:02:00+00,屏東縣內埔鄉學人路76號前,0,1,"[""自用小客車"",""普通重型機車""]",120.557403,22.594703
1615,2021-06-02 11:50:00+00,屏東縣內埔鄉學人路685號前,0,2,"[""普通重型機車"",""普通重型機車"",""自用大貨車""]",120.563722,22.607008
1616,2021-06-10 16:52:00+00,屏東縣內埔鄉學人路715號前,0,1,"[""自用小客車"",""普通重型機車""]",120.564105,22.607866
1617,2021-06-19 17:54:00+00,屏東縣內埔鄉學人路606號附近,0,2,"[""普通重型機車"",""普通重型機車""]",120.56297,22.605143
1618,2021-06-21 15:46:00+00,屏東縣內埔鄉學人路與屏光路口,0,1,"[""電動輔助自行車慢車""]",120.561222,22.602632
1619,2021-01-13 10:38:00+00,屏東縣內埔鄉四維路438巷72號,0,1,"[""普通重型機車""]",120.559723,22.59341
1620,2021-01-16 10:00:00+00,屏東縣內埔鄉美和村四維路口 / 屏東縣內埔鄉美和村四維路附近,0,1,"[""自用小客車"",""普通重型機車""]",120.559236,22.587164
1621,2021-01-16 10:00:00+00,屏東縣內埔鄉美和村四維路口 / 屏東縣內埔鄉美和村四維路附近,0,1,"[""自用小客車"",""普通重型機車""]",120.559236,22.587164
1622,2021-01-16 10:00:00+00,屏東縣內埔鄉美和村四維路口 / 屏東縣內埔鄉美和村四維路附近,0,1,"[""自用小客車"",""普通重型機車""]",120.559236,22.587164
1623,2021-01-16 10:00:00+00,屏東縣內埔鄉美和村四維路口 / 屏東縣內埔鄉美和村四維路附近,0,1,"[""自用小客車"",""普通重型機車""]",120.559236,22.587164
1624,2021-02-17 07:20:00+00,屏東縣內埔鄉台1線與四維路453巷口,0,1,"[""自用小客車"",""普通重型機車""]",120.556195,22.592902
1625,2021-04-23 16:12:00+00,屏東縣內埔鄉美和村四維路1之10號附近,0,1,"[""自用小客車"",""普通重型機車""]",120.56191,22.582209
1626,2021-04-29 18:22:00+00,屏東縣內埔鄉四維路162號旁,0,1,"[""普通重型機車""]",120.558819,22.589148
1627,2021-01-25 15:29:00+00,屏東縣內埔鄉屏光路與復興路口,0,2,"[""普通重型機車"",""普通重型機車""]",120.609827,22.643345
1628,2021-03-09 10:39:00+00,屏東縣內埔鄉內田村復興路百達加油站檢驗廠前,0,2,"[""自用小客車"",""普通重型機車"",""乘客人""]",120.55896,22.608052
1629,2021-03-20 09:57:00+00,屏東縣內埔鄉美和村復興路口 / 屏東縣內埔鄉美和村陽明路附近,0,1,"[""自用小貨車(含客、貨兩用)"",""普通重型機車""]",120.556187,22.607354
1630,2021-03-20 09:57:00+00,屏東縣內埔鄉美和村復興路口 / 屏東縣內埔鄉美和村陽明路附近,0,1,"[""自用小貨車(含客、貨兩用)"",""普通重型機車""]",120.556187,22.607354
1631,2021-04-09 00:34:00+00,屏東縣內埔鄉內田村復興路58號前0.0公尺,0,3,,120.563616,22.609392
1632,2021-04-15 13:07:00+00,屏東縣內埔鄉復興路與里順路101巷口,0,1,"[""自用小客車"",""普通重型機車""]",120.559256,22.608473
1633,2021-04-20 09:37:00+00,屏東縣內埔鄉復興路87巷,0,1,"[""普通重型機車"",""普通重型機車"",""乘客人""]",120.562028,22.608787
1634,2021-05-02 16:10:00+00,屏東縣內埔鄉復興路145號前,0,1,"[""自用小客車""]",120.5596,22.607987
1635,2021-05-07 13:49:00+00,屏東縣內埔鄉內田村復興路87巷附近,0,3,"[""普通重型機車"",""普通重型機車"",""乘客人""]",120.561893,22.607239
1636,2021-05-12 16:30:00+00,屏東縣內埔鄉內田村復興路38號前0.0公尺,0,2,"[""普通重型機車"",""普通重型機車""]",120.564371,22.609812
1637,2021-06-18 20:00:00+00,屏東縣內埔鄉東寧村屏光路口 / 屏東縣內埔鄉東寧村南寧路附近,0,2,"[""普通重型機車"",""普通重型機車"",""普通重型機車"",""普通重型機車""]",120.556517,22.622819
1638,2021-06-18 20:00:00+00,屏東縣內埔鄉東寧村屏光路口 / 屏東縣內埔鄉東寧村南寧路附近,0,2,"[""普通重型機車"",""普通重型機車"",""普通重型機車"",""普通重型機車""]",120.556517,22.622819
1639,2021-04-15 10:38:00+00,屏東縣內埔鄉美和村屏光路與學人路口附近南向車道,0,2,"[""自用小客車"",""普通重型機車"",""乘客人""]",120.561076,22.602399
1640,2021-06-21 15:46:00+00,屏東縣內埔鄉學人路與屏光路口,0,1,"[""電動輔助自行車慢車""]",120.561222,22.602632
1641,2021-01-25 15:29:00+00,屏東縣內埔鄉屏光路與復興路口,0,2,"[""普通重型機車"",""普通重型機車""]",120.609827,22.643345
1642,2021-01-06 12:16:00+00,屏東縣內埔鄉屏光路23號前,0,1,"[""普通重型機車"",""自用小客車""]",120.560646,22.603808
1643,2021-01-20 16:37:00+00,屏東縣內埔鄉東寧村台一線屏光路與自強路口附近,0,1,"[""自用小客車"",""腳踏自行車慢車""]",120.557624,22.617842
1644,2021-01-21 23:10:00+00,屏東縣內埔鄉屏光路口 / 屏東縣內埔鄉自強路,0,1,"[""普通重型機車"",""普通重型機車""]",120.557708,22.616668
1645,2021-01-21 23:10:00+00,屏東縣內埔鄉屏光路口 / 屏東縣內埔鄉自強路,0,1,"[""普通重型機車"",""普通重型機車""]",120.557708,22.616668
1646,2021-02-23 17:50:00+00,屏東縣內埔鄉屏光路與自強路口,0,2,"[""普通重型機車"",""自用小客車"",""乘客人""]",120.557806,22.616649
1647,2021-03-07 14:53:00+00,屏東縣內埔鄉屏光路與埤頭巷口,0,2,"[""普通重型機車"",""普通重型機車""]",120.559327,22.610082
1648,2021-03-16 17:25:00+00,屏東縣內埔鄉屏光路與自強路口,0,2,"[""自用小客車,自用小客車""]",120.560668,22.603895
1649,2021-03-24 07:50:00+00,屏東縣內埔鄉東寧村台一線屏光路與自強路口,0,1,"[""自用小客車"",""普通重型機車""]",120.557829,22.616619
1650,2021-04-19 16:31:00+00,屏東縣內埔鄉屏光路與自強路口,0,1,"[""自用小客車"",""普通重型機車""]",120.557784,22.616653
1651,2021-05-06 16:33:00+00,屏東縣內埔鄉屏光路與自強路口,0,1,"[""腳踏自行車慢車"",""自用小客車""]",120.55777,22.616655
1652,2021-05-09 12:18:00+00,屏東縣內埔鄉屏光路口 / 屏東縣內埔鄉自強路,0,1,"[""普通重型機車""]",120.557708,22.616668
1653,2021-05-09 12:18:00+00,屏東縣內埔鄉屏光路口 / 屏東縣內埔鄉自強路,0,1,"[""普通重型機車""]",120.557708,22.616668
1654,2021-05-20 16:47:00+00,屏東縣內埔鄉屏光路與大義路口,0,1,"[""自用小貨車(含客、貨兩用)"",""普通重型機車""]",120.560668,22.603895